id,created_at,updated_at,line,url,vendor,news_time,genre_id,category_id,subcat_id,content,user_id
2,"09/25/2014 22:18:41","09/25/2014 22:18:41",特急運転中に携帯操作＝フェイスブックに投稿―JR北,http://headlines.yahoo.co.jp/hl?a=20140925-00000157-jij-soci,,,,,,,
3,"09/26/2014 08:18:47","09/26/2014 08:18:47",ＪＲ運転士、特急運転中にスマホ…ＦＢ書き込み,http://headlines.yahoo.co.jp/hl?a=20140926-00050016-yom-soci,,,,,,,
4,"09/26/2014 08:45:42","09/26/2014 08:45:42","信長に「名古屋ことば」を　河村<font color=""blue"">市長</font>、ＮＨＫに要望",http://headlines.yahoo.co.jp/hl?a=20140926-00000002-asahi-soci,,,,,,,
5,"09/26/2014 09:00:03","09/26/2014 09:00:03","３年前の全日空機背面<font color=""blue"">飛行</font>　副操縦士が別機種と操作勘違い、混乱",http://headlines.yahoo.co.jp/hl?a=20140926-00000117-san-soci,,,,,,,
6,"09/26/2014 09:04:52","09/26/2014 09:04:52",海図の刷新、被災港で急務　海底にがれき、水深変化,http://headlines.yahoo.co.jp/hl?a=20140925-00000038-asahi-soci,,,,-5,,,
7,"09/26/2014 09:07:37","09/26/2014 09:07:37","３年前の全日空機背面<font color=""blue"">飛行</font>　副操縦士が別機種と操作勘違い、混乱",http://headlines.yahoo.co.jp/hl?a=20140926-00000117-san-soci,,,,28,,,
8,"09/26/2014 09:15:33","09/26/2014 09:15:33",社福への新たな課税「絶対に反対」−全国老施協が1000人集会,http://headlines.yahoo.co.jp/hl?a=20140925-00000003-cbn-soci,cbn,,,-5,,,
9,"09/26/2014 09:20:21","09/26/2014 09:20:21",海図の刷新、被災港で急務　海底にがれき、水深変化,http://headlines.yahoo.co.jp/hl?a=20140925-00000038-asahi-soci,asahi,,,-5,,,
10,"09/26/2014 09:21:10","09/26/2014 09:21:10",海図の刷新、被災港で急務　海底にがれき、水深変化,http://headlines.yahoo.co.jp/hl?a=20140925-00000038-asahi-soci,asahi,,,-5,,,
11,"09/26/2014 09:23:33","09/26/2014 09:23:33","橋下<font color=""blue"">市長</font>がヘイトスピーチ批判「ひきょうで格好悪い」",http://headlines.yahoo.co.jp/hl?a=20140926-00000003-asahi-soci,asahi,20140926,,23,,,
12,"09/26/2014 11:33:07","09/26/2014 11:33:07",ＪＲ運転士、特急運転中にスマホ…ＦＢ書き込み,http://headlines.yahoo.co.jp/hl?a=20140926-00050016-yom-soci,yom,,,,,,
13,"09/26/2014 11:33:44","09/26/2014 11:33:44",,http://headlines.yahoo.co.jp/hl?a=20140926-00050016-yom-soci,,,,,,,
14,"09/26/2014 11:34:33","09/26/2014 11:34:33",ＪＲ運転士、特急運転中にスマホ…ＦＢ書き込み,http://headlines.yahoo.co.jp/hl?a=20140926-00050016-yom-soci,yom,,,,,,
15,"09/26/2014 11:34:46","09/26/2014 11:34:46",ＪＲ運転士、特急運転中にスマホ…ＦＢ書き込み,http://headlines.yahoo.co.jp/hl?a=20140926-00050016-yom-soci,yom,,,,,,
16,"09/26/2014 11:37:34","09/26/2014 11:37:34","「食べマルシェ」に108万5000人来場＝<font color=""blue"">北海道</font>旭川市〔地域〕",http://headlines.yahoo.co.jp/hl?a=20140926-00000057-jij-soci,jij,20140926,,22,,,
17,"09/26/2014 11:38:01","09/26/2014 11:38:01",ＪＲ運転士、特急運転中にスマホ…ＦＢ書き込み,http://headlines.yahoo.co.jp/hl?a=20140926-00050016-yom-soci,yom,20140926,,20,,,
18,"09/26/2014 11:38:43","09/26/2014 11:38:43","＜神戸女児<font color=""blue"">遺体</font>＞容疑者宅に大型の刃物見つからず",http://headlines.yahoo.co.jp/hl?a=20140926-00000004-mai-soci,mai,20140926,,13,,,
19,"09/26/2014 11:43:04","09/26/2014 11:43:04","＜神戸女児<font color=""blue"">遺体</font>＞容疑者…住居や職業転々、トラブルも頻繁に",http://headlines.yahoo.co.jp/hl?a=20140926-00000021-mai-soci,mai,20140926,,13,,,
20,"09/26/2014 11:43:58","09/26/2014 11:43:58","「食べマルシェ」に108万5000人来場＝<font color=""blue"">北海道</font>旭川市〔地域〕",http://headlines.yahoo.co.jp/hl?a=20140926-00000057-jij-soci,jij,20140926,,22,,,
21,"09/26/2014 11:44:50","09/26/2014 11:44:50","＜宇沢弘文さん死去＞数理経済学で実績　<font color=""blue"">温暖化</font>防止訴えも",http://headlines.yahoo.co.jp/hl?a=20140926-00000006-mai-soci,mai,20140926,,40,,,
22,"09/26/2014 11:47:28","09/26/2014 11:47:28",ＪＲ運転士、特急運転中にスマホ…ＦＢ書き込み,http://headlines.yahoo.co.jp/hl?a=20140926-00050016-yom-soci,yom,20140926,,20,,,
23,"09/26/2014 11:49:18","09/26/2014 11:49:18","シシャモに異物混入、元従業員を<font color=""blue"">逮捕</font>…ベトナム",http://headlines.yahoo.co.jp/hl?a=20140926-00050022-yom-soci,yom,20140926,,13,,,
24,"09/26/2014 11:49:45","09/26/2014 11:49:45","宮城<font color=""blue"">県警</font>、危険ドラッグ店捜索・仙台市中心部",http://headlines.yahoo.co.jp/hl?a=20140926-00010001-khks-soci,khks,20140926,,13,,,
25,"09/26/2014 11:50:49","09/26/2014 11:50:49","セシウム木材投棄、元キャリア官僚の社長を<font color=""blue"">逮捕</font>",http://headlines.yahoo.co.jp/hl?a=20140926-00050031-yom-soci,yom,20140926,,13,,,
26,"09/26/2014 11:51:51","09/26/2014 11:51:51","＜洞爺丸<font color=""blue"">事故</font>６０年＞「<font color=""blue"">事故</font>の記憶を風化させない」慰霊法要",http://headlines.yahoo.co.jp/hl?a=20140926-00000024-mai-soci,mai,20140926,,13,," 　１９５４（昭和２９）年９月２６日の台風１５号で青函連絡船「洞爺丸」など５隻が函館沖に沈没し、乗客乗員ら１４３０人が犠牲となった「洞爺丸事故」から２６日で６０年がたち、「台風海難慰霊法要」が事故現場近くの北海道北斗市の七重浜であった。函館仏教会と、青函連絡船殉難者遺族会の共催で、道内外から遺族約７０人が参列した。
 
 　函館港沖合にいた洞爺丸と貨物船４隻は、台風の強風と大波で転覆し沈没。七重浜には乗客乗員の遺体が多数流れ着いた。遺族会は慰霊法要を毎年この日に営んできたが、事故から６０年が過ぎて当時の生存者や遺族が高齢化。洞爺丸事故そのものを知らない若い世代が増えている。
 
 　慰霊法要では僧侶の読経の後、遺族らが焼香して手を合わせた。遺族会会長の富樫（とがし）淳次さん（７５）＝函館市＝は、洞爺丸の船客管理担当だった父栄さん（当時４６歳）を亡くした。富樫さんは「事故の記憶を風化させないように語り継いでいく」と話していた。【鈴木勝一】",
27,"09/27/2014 21:12:18","09/27/2014 21:12:18","神戸女児遺棄、不明当日から翌日の間に<font color=""blue"">死亡</font>か",http://headlines.yahoo.co.jp/hl?a=20140927-00050059-yom-soci,yom,20140927,,13,," 　神戸市長田区の雑木林で２３日に小学１年・生田美玲（みれい）さん（６）の遺体が見つかった事件で、兵庫県警が、女児が死亡したのは行方不明となった１１日から翌１２日の間と推定していることが、捜査関係者への取材でわかった。
 
 　遺体の状態などから判断した。
 
 　君野康弘容疑者（４７）（死体遺棄容疑で逮捕）の自宅からは、女児のものとみられるリュックサックが見つかっており、県警は２７日も自宅の捜索を続けている。
 
 　捜査関係者によると、遺体は２３日夕、雑木林に置かれていた六つのポリ袋のうち三つから見つかった。司法解剖は継続中だが、発見時には死後１０日以上経過していたと推定されるという。
 
 　一方、女児が不明になって５日後の１６日、県警の捜査員２人が、君野容疑者の自宅を訪れた際、君野容疑者が女児について「知らない」と答えたうえ、室内を確認することを了承したため、浴室などを調べたが、異常はなかった。
 
 　こうした状況から、県警は遺体が１６日より前に遺棄されたとの見方を強めており、司法解剖の途中経過と合わせ、女児は不明当日から一両日中に死亡した可能性が高いとみている。",
28,"09/27/2014 21:12:22","09/27/2014 21:12:22","沖縄のＥＥＺ内に<font color=""blue"">中国</font>調査船…接続水域には公船",http://headlines.yahoo.co.jp/hl?a=20140927-00050076-yom-soci,yom,20140927,,27,," 　第１１管区海上保安本部（那覇市）によると、２７日午前６時３０分頃と午前１０時４６分頃、沖縄県石垣市の尖閣諸島・久場島沖の排他的経済水域（ＥＥＺ）内で、中国の海洋調査船「新実践号」がワイヤのようなものを海に垂らして航行しているのを、海上保安庁の巡視船が確認した。
 
 　中止を求めると、ＥＥＺ外へ出た。
 
 　午前９時頃と午後２時３６分頃には、同県竹富町の波照間島沖のＥＥＺ内で、中国の海洋調査船「探宝号」がワイヤのようなものを海に垂らしているのが確認された。中止を求めたが、応答はなかった。
 
 　一方、同日午後７時現在、尖閣諸島沖の接続水域（領海の外側約２２キロ）内を、中国海警局の公船４隻が航行している。同庁の巡視船が、領海に近づかないよう警告している。",
29,"09/29/2014 18:49:41","09/29/2014 18:49:41","「ネット版マグナカルタの制定を」、<font color=""blue"">WWW</font>考案者が提唱",http://headlines.yahoo.co.jp/hl?a=20140928-00000037-jij_afp-int,jij_afp,20140928,,12,," 【AFP＝時事】ワールドワイドウェブ（World Wide Web、WWW）の考案者として知られる英国のティム・バーナーズ・リー（Tim Berners-Lee）氏（59）は27日、WWWを支配することに関心を持つ各国政府や企業によってインターネットの自由が脅かされていると警告した。

ウェブ誕生25周年、考案者が「ネット権利章典」策定を呼び掛け

　25年前にWWWの仕組みを考案し、インターネットの発展に向けた指針の策定にあたる非営利団体WWWコンソーシアム（World Wide Web Consortium）のディレクターを務めているバーナーズ・リー氏は、ネットの独立性とユーザーのプライバシーを保障するためのネット版「マグナカルタ（Magna Carta、大憲章）」の制定を呼び掛けた。マグナカルタとは、13世紀の英国で作られた文書で、のちに国民の権利と自由を守るための典拠とされた。
 
 　インターネットの未来をテーマにロンドン（London）で開催されたイベント「Web We Want（ウェブ・ウィー・ウォント、私たちが望むウェブ）」に出席した同氏は、「一企業があなたのインターネットへのアクセスを管理することができ、あなたがどのウェブサイトを閲覧するかを管理できるとすれば、その企業はあなたの人生に対し、途方もなく大きな支配力を持っているということになる」と指摘。
 
 　さらに、「ある国の政府が、あなたが野党のホームページを見ることを阻止できるとすれば、政府は権力を維持するため、現実に対するあなたの考えを偏狭なものにしてしまうことができる」と述べ、「開かれたインターネットを悪用する力が、突如として、政府や大企業にとって非常に魅力的なものになってしまった」などと語った。【翻訳編集】 AFPBB News",
30,"10/01/2014 08:52:41","10/01/2014 08:52:41","島根県沖で<font color=""blue"">中国</font>船籍の漁船沈没、９人が行方不明",http://headlines.yahoo.co.jp/hl?a=20141001-00050009-yom-soci,yom,20141001,,27,," 　第８管区海上保安本部（京都府舞鶴市）は１日未明、島根県隠岐諸島沖の北約３９０キロの公海上で中国船籍の漁船が沈没し、乗組員１４人のうち９人が行方不明になっているとして、中国当局から救助要請があったと発表した。
 
 　沈没したのは３０日午前８時頃で、５人は救助されたという。舞鶴海上保安部所属の巡視船が現場に向かっている。到着は１日午後になる見通し。",
31,"10/01/2014 08:53:04","10/01/2014 08:53:04","<font color=""blue"">東京</font>メトロ有楽町線 有楽町駅でポイント点検 運転再開",http://headlines.yahoo.co.jp/hl?a=20141001-00000005-rescuenow-soci,rescuenow,20141001,,22,," 有楽町駅でポイント点検を行った影響で、市ケ谷〜新木場駅間の運転を見合わせていましたが、06:32頃、運転を再開しました。なお、ダイヤが乱れています。",
32,"10/01/2014 08:54:08","10/01/2014 08:54:08","<font color=""blue"">東京</font>メトロ有楽町線 有楽町駅でポイント点検 運転再開",http://headlines.yahoo.co.jp/hl?a=20141001-00000005-rescuenow-soci,rescuenow,20141001,,22,," 有楽町駅でポイント点検を行った影響で、市ケ谷〜新木場駅間の運転を見合わせていましたが、06:32頃、運転を再開しました。なお、ダイヤが乱れています。",
33,"10/01/2014 08:54:32","10/01/2014 08:54:32","文科相「適切な資料に基づいた<font color=""blue"">入試</font>を」",http://headlines.yahoo.co.jp/hl?a=20140930-00050143-yom-soci,yom,20140930,,34,," 　大手予備校「河合塾」が首都圏の複数の私立高校の求めに応じ、受験生の模擬試験の成績を提供していた問題で、下村文部科学相は３０日の閣議後記者会見で、「学校や河合塾の関係者に事実を確認し、対応したい。業者テストの結果を高校入試で用いないよう求める文科省通知の趣旨を踏まえ、公教育にふさわしい適切な資料に基づいた入試が行われるよう都道府県などに要請したい」と述べた。
 
 　模試の成績については、「入試の合否判定で使うのは子どもにとっても適切でない」との見解を示した。",
34,"10/01/2014 08:55:57","10/01/2014 08:55:57","文科相「適切な資料に基づいた<font color=""blue"">入試</font>を」",http://headlines.yahoo.co.jp/hl?a=20140930-00050143-yom-soci,yom,20140930,,34,," 　大手予備校「河合塾」が首都圏の複数の私立高校の求めに応じ、受験生の模擬試験の成績を提供していた問題で、下村文部科学相は３０日の閣議後記者会見で、「学校や河合塾の関係者に事実を確認し、対応したい。業者テストの結果を高校入試で用いないよう求める文科省通知の趣旨を踏まえ、公教育にふさわしい適切な資料に基づいた入試が行われるよう都道府県などに要請したい」と述べた。
 
 　模試の成績については、「入試の合否判定で使うのは子どもにとっても適切でない」との見解を示した。",
35,"10/01/2014 08:59:54","10/01/2014 08:59:54","文科相「適切な資料に基づいた<font color=""blue"">入試</font>を」",http://headlines.yahoo.co.jp/hl?a=20140930-00050143-yom-soci,yom,20140930,,34,," 　大手予備校「河合塾」が首都圏の複数の私立高校の求めに応じ、受験生の模擬試験の成績を提供していた問題で、下村文部科学相は３０日の閣議後記者会見で、「学校や河合塾の関係者に事実を確認し、対応したい。業者テストの結果を高校入試で用いないよう求める文科省通知の趣旨を踏まえ、公教育にふさわしい適切な資料に基づいた入試が行われるよう都道府県などに要請したい」と述べた。
 
 　模試の成績については、「入試の合否判定で使うのは子どもにとっても適切でない」との見解を示した。",
36,"10/01/2014 09:00:11","10/01/2014 09:00:11","文科相「適切な資料に基づいた<font color=""blue"">入試</font>を」",http://headlines.yahoo.co.jp/hl?a=20140930-00050143-yom-soci,yom,20140930,,34,," 　大手予備校「河合塾」が首都圏の複数の私立高校の求めに応じ、受験生の模擬試験の成績を提供していた問題で、下村文部科学相は３０日の閣議後記者会見で、「学校や河合塾の関係者に事実を確認し、対応したい。業者テストの結果を高校入試で用いないよう求める文科省通知の趣旨を踏まえ、公教育にふさわしい適切な資料に基づいた入試が行われるよう都道府県などに要請したい」と述べた。
 
 　模試の成績については、「入試の合否判定で使うのは子どもにとっても適切でない」との見解を示した。",
37,"10/01/2014 09:02:31","10/01/2014 09:02:31","島根県沖で<font color=""blue"">中国</font>船籍の漁船沈没、９人が行方不明",http://headlines.yahoo.co.jp/hl?a=20141001-00050009-yom-soci,yom,20141001,,27,," 　第８管区海上保安本部（京都府舞鶴市）は１日未明、島根県隠岐諸島沖の北約３９０キロの公海上で中国船籍の漁船が沈没し、乗組員１４人のうち９人が行方不明になっているとして、中国当局から救助要請があったと発表した。
 
 　沈没したのは３０日午前８時頃で、５人は救助されたという。舞鶴海上保安部所属の巡視船が現場に向かっている。到着は１日午後になる見通し。",
38,"10/01/2014 09:03:24","10/01/2014 09:03:24","島根県沖で<font color=""blue"">中国</font>船籍の漁船沈没、９人が行方不明",http://headlines.yahoo.co.jp/hl?a=20141001-00050009-yom-soci,yom,20141001,,27,," 　第８管区海上保安本部（京都府舞鶴市）は１日未明、島根県隠岐諸島沖の北約３９０キロの公海上で中国船籍の漁船が沈没し、乗組員１４人のうち９人が行方不明になっているとして、中国当局から救助要請があったと発表した。
 
 　沈没したのは３０日午前８時頃で、５人は救助されたという。舞鶴海上保安部所属の巡視船が現場に向かっている。到着は１日午後になる見通し。",
39,"10/01/2014 09:03:41","10/01/2014 09:03:41","島根県沖で<font color=""blue"">中国</font>船籍の漁船沈没、９人が行方不明",http://headlines.yahoo.co.jp/hl?a=20141001-00050009-yom-soci,yom,20141001,,27,," 　第８管区海上保安本部（京都府舞鶴市）は１日未明、島根県隠岐諸島沖の北約３９０キロの公海上で中国船籍の漁船が沈没し、乗組員１４人のうち９人が行方不明になっているとして、中国当局から救助要請があったと発表した。
 
 　沈没したのは３０日午前８時頃で、５人は救助されたという。舞鶴海上保安部所属の巡視船が現場に向かっている。到着は１日午後になる見通し。",
40,"10/01/2014 09:05:09","10/01/2014 09:05:09","島根県沖で<font color=""blue"">中国</font>船籍の漁船沈没、９人が行方不明",http://headlines.yahoo.co.jp/hl?a=20141001-00050009-yom-soci,yom,20141001,,27,," 　第８管区海上保安本部（京都府舞鶴市）は１日未明、島根県隠岐諸島沖の北約３９０キロの公海上で中国船籍の漁船が沈没し、乗組員１４人のうち９人が行方不明になっているとして、中国当局から救助要請があったと発表した。
 
 　沈没したのは３０日午前８時頃で、５人は救助されたという。舞鶴海上保安部所属の巡視船が現場に向かっている。到着は１日午後になる見通し。",
41,"10/01/2014 09:05:36","10/01/2014 09:05:36","島根県沖で<font color=""blue"">中国</font>船籍の漁船沈没、９人が行方不明",http://headlines.yahoo.co.jp/hl?a=20141001-00050009-yom-soci,yom,20141001,,27,," 　第８管区海上保安本部（京都府舞鶴市）は１日未明、島根県隠岐諸島沖の北約３９０キロの公海上で中国船籍の漁船が沈没し、乗組員１４人のうち９人が行方不明になっているとして、中国当局から救助要請があったと発表した。
 
 　沈没したのは３０日午前８時頃で、５人は救助されたという。舞鶴海上保安部所属の巡視船が現場に向かっている。到着は１日午後になる見通し。",
43,"10/01/2014 09:06:37","10/01/2014 09:06:37","島根県沖で<font color=""blue"">中国</font>船籍の漁船沈没、９人が行方不明",http://headlines.yahoo.co.jp/hl?a=20141001-00050009-yom-soci,yom,20141001,,27,," 　第８管区海上保安本部（京都府舞鶴市）は１日未明、島根県隠岐諸島沖の北約３９０キロの公海上で中国船籍の漁船が沈没し、乗組員１４人のうち９人が行方不明になっているとして、中国当局から救助要請があったと発表した。
 
 　沈没したのは３０日午前８時頃で、５人は救助されたという。舞鶴海上保安部所属の巡視船が現場に向かっている。到着は１日午後になる見通し。",
44,"10/01/2014 09:09:18","10/01/2014 09:09:18","島根県沖で<font color=""blue"">中国</font>船籍の漁船沈没、９人が行方不明",http://headlines.yahoo.co.jp/hl?a=20141001-00050009-yom-soci,yom,20141001,,27,," 　第８管区海上保安本部（京都府舞鶴市）は１日未明、島根県隠岐諸島沖の北約３９０キロの公海上で中国船籍の漁船が沈没し、乗組員１４人のうち９人が行方不明になっているとして、中国当局から救助要請があったと発表した。
 
 　沈没したのは３０日午前８時頃で、５人は救助されたという。舞鶴海上保安部所属の巡視船が現場に向かっている。到着は１日午後になる見通し。",
45,"10/01/2014 09:13:21","10/01/2014 09:13:21","島根県沖で<font color=""blue"">中国</font>船籍の漁船沈没、９人が行方不明",http://headlines.yahoo.co.jp/hl?a=20141001-00050009-yom-soci,yom,20141001,,27,," 　第８管区海上保安本部（京都府舞鶴市）は１日未明、島根県隠岐諸島沖の北約３９０キロの公海上で中国船籍の漁船が沈没し、乗組員１４人のうち９人が行方不明になっているとして、中国当局から救助要請があったと発表した。
 
 　沈没したのは３０日午前８時頃で、５人は救助されたという。舞鶴海上保安部所属の巡視船が現場に向かっている。到着は１日午後になる見通し。",
46,"10/01/2014 09:15:02","10/01/2014 09:15:02","島根県沖で<font color=""blue"">中国</font>船籍の漁船沈没、９人が行方不明",http://headlines.yahoo.co.jp/hl?a=20141001-00050009-yom-soci,yom,20141001,,27,," 　第８管区海上保安本部（京都府舞鶴市）は１日未明、島根県隠岐諸島沖の北約３９０キロの公海上で中国船籍の漁船が沈没し、乗組員１４人のうち９人が行方不明になっているとして、中国当局から救助要請があったと発表した。
 
 　沈没したのは３０日午前８時頃で、５人は救助されたという。舞鶴海上保安部所属の巡視船が現場に向かっている。到着は１日午後になる見通し。",
47,"10/01/2014 09:16:31","10/01/2014 09:16:31","島根県沖で<font color=""blue"">中国</font>船籍の漁船沈没、９人が行方不明",http://headlines.yahoo.co.jp/hl?a=20141001-00050009-yom-soci,yom,20141001,,27,," 　第８管区海上保安本部（京都府舞鶴市）は１日未明、島根県隠岐諸島沖の北約３９０キロの公海上で中国船籍の漁船が沈没し、乗組員１４人のうち９人が行方不明になっているとして、中国当局から救助要請があったと発表した。
 
 　沈没したのは３０日午前８時頃で、５人は救助されたという。舞鶴海上保安部所属の巡視船が現場に向かっている。到着は１日午後になる見通し。",
49,"10/01/2014 09:18:02","10/01/2014 09:18:02","島根県沖で<font color=""blue"">中国</font>船籍の漁船沈没、９人が行方不明",http://headlines.yahoo.co.jp/hl?a=20141001-00050009-yom-soci,yom,20141001,,27,," 　第８管区海上保安本部（京都府舞鶴市）は１日未明、島根県隠岐諸島沖の北約３９０キロの公海上で中国船籍の漁船が沈没し、乗組員１４人のうち９人が行方不明になっているとして、中国当局から救助要請があったと発表した。
 
 　沈没したのは３０日午前８時頃で、５人は救助されたという。舞鶴海上保安部所属の巡視船が現場に向かっている。到着は１日午後になる見通し。",
50,"10/01/2014 09:20:15","10/01/2014 09:20:15","島根県沖で<font color=""blue"">中国</font>船籍の漁船沈没、９人が行方不明",http://headlines.yahoo.co.jp/hl?a=20141001-00050009-yom-soci,yom,20141001,,27,," 　第８管区海上保安本部（京都府舞鶴市）は１日未明、島根県隠岐諸島沖の北約３９０キロの公海上で中国船籍の漁船が沈没し、乗組員１４人のうち９人が行方不明になっているとして、中国当局から救助要請があったと発表した。
 
 　沈没したのは３０日午前８時頃で、５人は救助されたという。舞鶴海上保安部所属の巡視船が現場に向かっている。到着は１日午後になる見通し。",
51,"10/01/2014 09:21:38","10/01/2014 09:21:38","島根県沖で<font color=""blue"">中国</font>船籍の漁船沈没、９人が行方不明",http://headlines.yahoo.co.jp/hl?a=20141001-00050009-yom-soci,yom,20141001,,27,," 　第８管区海上保安本部（京都府舞鶴市）は１日未明、島根県隠岐諸島沖の北約３９０キロの公海上で中国船籍の漁船が沈没し、乗組員１４人のうち９人が行方不明になっているとして、中国当局から救助要請があったと発表した。
 
 　沈没したのは３０日午前８時頃で、５人は救助されたという。舞鶴海上保安部所属の巡視船が現場に向かっている。到着は１日午後になる見通し。",
52,"10/01/2014 09:21:53","10/01/2014 09:21:53","島根県沖で<font color=""blue"">中国</font>船籍の漁船沈没、９人が行方不明",http://headlines.yahoo.co.jp/hl?a=20141001-00050009-yom-soci,yom,20141001,,27,," 　第８管区海上保安本部（京都府舞鶴市）は１日未明、島根県隠岐諸島沖の北約３９０キロの公海上で中国船籍の漁船が沈没し、乗組員１４人のうち９人が行方不明になっているとして、中国当局から救助要請があったと発表した。
 
 　沈没したのは３０日午前８時頃で、５人は救助されたという。舞鶴海上保安部所属の巡視船が現場に向かっている。到着は１日午後になる見通し。",
53,"10/01/2014 09:22:03","10/01/2014 09:22:03","島根県沖で<font color=""blue"">中国</font>船籍の漁船沈没、９人が行方不明",http://headlines.yahoo.co.jp/hl?a=20141001-00050009-yom-soci,yom,20141001,,27,," 　第８管区海上保安本部（京都府舞鶴市）は１日未明、島根県隠岐諸島沖の北約３９０キロの公海上で中国船籍の漁船が沈没し、乗組員１４人のうち９人が行方不明になっているとして、中国当局から救助要請があったと発表した。
 
 　沈没したのは３０日午前８時頃で、５人は救助されたという。舞鶴海上保安部所属の巡視船が現場に向かっている。到着は１日午後になる見通し。",
57,"10/01/2014 09:24:59","10/01/2014 09:24:59","島根県沖で<font color=""blue"">中国</font>船籍の漁船沈没、９人が行方不明",http://headlines.yahoo.co.jp/hl?a=20141001-00050009-yom-soci,yom,20141001,,27,," 　第８管区海上保安本部（京都府舞鶴市）は１日未明、島根県隠岐諸島沖の北約３９０キロの公海上で中国船籍の漁船が沈没し、乗組員１４人のうち９人が行方不明になっているとして、中国当局から救助要請があったと発表した。
 
 　沈没したのは３０日午前８時頃で、５人は救助されたという。舞鶴海上保安部所属の巡視船が現場に向かっている。到着は１日午後になる見通し。",
58,"10/01/2014 09:25:09","10/01/2014 09:25:09","島根県沖で<font color=""blue"">中国</font>船籍の漁船沈没、９人が行方不明",http://headlines.yahoo.co.jp/hl?a=20141001-00050009-yom-soci,yom,20141001,,27,," 　第８管区海上保安本部（京都府舞鶴市）は１日未明、島根県隠岐諸島沖の北約３９０キロの公海上で中国船籍の漁船が沈没し、乗組員１４人のうち９人が行方不明になっているとして、中国当局から救助要請があったと発表した。
 
 　沈没したのは３０日午前８時頃で、５人は救助されたという。舞鶴海上保安部所属の巡視船が現場に向かっている。到着は１日午後になる見通し。",
59,"10/01/2014 09:26:19","10/01/2014 09:26:19","島根県沖で<font color=""blue"">中国</font>船籍の漁船沈没、９人が行方不明",http://headlines.yahoo.co.jp/hl?a=20141001-00050009-yom-soci,yom,20141001,,27,," 　第８管区海上保安本部（京都府舞鶴市）は１日未明、島根県隠岐諸島沖の北約３９０キロの公海上で中国船籍の漁船が沈没し、乗組員１４人のうち９人が行方不明になっているとして、中国当局から救助要請があったと発表した。
 
 　沈没したのは３０日午前８時頃で、５人は救助されたという。舞鶴海上保安部所属の巡視船が現場に向かっている。到着は１日午後になる見通し。",
60,"10/01/2014 09:27:24","10/01/2014 09:27:24","島根県沖で<font color=""blue"">中国</font>船籍の漁船沈没、９人が行方不明",http://headlines.yahoo.co.jp/hl?a=20141001-00050009-yom-soci,yom,20141001,,27,," 　第８管区海上保安本部（京都府舞鶴市）は１日未明、島根県隠岐諸島沖の北約３９０キロの公海上で中国船籍の漁船が沈没し、乗組員１４人のうち９人が行方不明になっているとして、中国当局から救助要請があったと発表した。
 
 　沈没したのは３０日午前８時頃で、５人は救助されたという。舞鶴海上保安部所属の巡視船が現場に向かっている。到着は１日午後になる見通し。",
61,"10/01/2014 09:28:05","10/01/2014 09:28:05","島根県沖で<font color=""blue"">中国</font>船籍の漁船沈没、９人が行方不明",http://headlines.yahoo.co.jp/hl?a=20141001-00050009-yom-soci,yom,20141001,,27,," 　第８管区海上保安本部（京都府舞鶴市）は１日未明、島根県隠岐諸島沖の北約３９０キロの公海上で中国船籍の漁船が沈没し、乗組員１４人のうち９人が行方不明になっているとして、中国当局から救助要請があったと発表した。
 
 　沈没したのは３０日午前８時頃で、５人は救助されたという。舞鶴海上保安部所属の巡視船が現場に向かっている。到着は１日午後になる見通し。",
62,"10/01/2014 09:28:38","10/01/2014 09:28:38","＜桐生いじめ<font color=""blue"">自殺</font>＞両親と市県和解　東京高裁",http://headlines.yahoo.co.jp/hl?a=20140930-00000136-mai-soci,mai,20140930,,13,," 　群馬県桐生市で２０１０年１０月、小学６年だった上村（うえむら）明子さん（当時１２歳）が自殺したのは学校側がいじめを放置したためとして、両親が市と県に計３２００万円の損害賠償を求めた訴訟の控訴審は３０日、東京高裁で和解が成立した。
 
 　和解条項によると、市と県が明子さんの自殺に哀悼の意を表し、いじめに十分な措置を講じることができなかったとして謝罪する。市は明子さんへの安全配慮義務違反があったとして解決金１５０万円を支払う。
 
 　１審の前橋地裁判決は両親の主張を大筋で認め、市と県に計４５０万円の支払いを命じ、市と県が控訴していた。和解にあたり、両親側の弁護士は「明子さんへのいじめに学校側が対応をとらなかったことを認め、謝罪することを重視した」と述べた。【塩田彩】",
63,"10/01/2014 09:29:26","10/01/2014 09:29:26","＜<font color=""blue"">裁判員</font>裁判合憲＞「人生狂うのも義務か」原告、控訴の意向",http://headlines.yahoo.co.jp/hl?a=20140930-00000137-mai-soci,mai,20140930,,14,," 　強盗殺人事件の裁判員裁判の裁判員になったことで急性ストレス障害（ＡＳＤ）になったことを巡り、制度が苦役などを禁じる憲法に違反するかどうかが争われた国家賠償請求訴訟で、福島地裁が３０日の判決で示した判断は「合憲」だった。原告の元福祉施設職員、青木日富美（ひふみ）さん（６４）＝福島県郡山市＝は記者会見で「人生が狂ってしまうこともひっくるめて国民の義務だと言うのですか」と問い掛けた。
 
 　青木さんは審理で示された被害者の遺体のカラー写真や断末魔の叫びを録音したテープなどにショックを受け、死刑判決直後の昨年３月にＡＳＤと診断された。「裁判員に指名された際に送られた説明書に、なりたくないという辞退項目はなかった」と制度の強制性を指摘し、「こんな苦しみは私で終わりにしたい」と制度の違憲性を訴えていた。
 
 　判決は、症状と裁判員経験の因果関係を認めつつ、「身体上、精神上、経済上の重大な不利益が生じる」場合などに辞退を認める規定があることや、国家公務員災害補償法で救済を受けられることなどを挙げ、「国民の負担が合理的な範囲を超えているとはいえない」と結論付け、苦役を禁止する憲法１８条には違反しないとした。
 
 　また、▽裁判員は職業とはいえない▽裁判員の義務は公共の福祉によるやむを得ない制約−−として、職業選択の自由を認めた憲法２２条や個人の尊厳を定めた憲法１３条にも反しないと判断した。
 
 　青木さんは記者会見で、因果関係が認められた点は「ほっとした」と率直に評価したが、合憲判断については「これが国のやり方なんだと分かりました」と悔しさをにじませ、毎日新聞の取材に控訴する意向を明らかにした。
 
 　青木さんの提訴を機に、各地の裁判員裁判では、証拠調べで遺体の写真をモノクロやイラストにしたり、事前に告知したりするケースも相次いでいる。【栗田慎一、宮崎稔樹】",
64,"10/01/2014 09:31:18","10/01/2014 09:31:18","＜御嶽山噴火＞身元が判明した方々（長野<font color=""blue"">県警</font>など発表）",http://headlines.yahoo.co.jp/hl?a=20140930-00000134-mai-soci,mai,20140930,,13,," 　２７日に発生した御嶽山噴火の犠牲者のうち身元が判明した方々は次の通り（３０日まで。長野県警発表）
 
 　名古屋市中村区亀島、会社員、浅井佑介さん（２３）▽岐阜市次木（なめき）、同、三浦勇さん（４５）▽長野県塩尻市峰原、同、林卓司さん（５４）▽同県松本市中川、無職、横田和正さん（６１）▽静岡県御前崎市白羽、会社員、増田直樹さん（４１）▽岐阜県中津川市中津川、同、関口泰弘さん（３９）▽東京都大田区下丸子、同、高田紗妃さん（２９）▽川崎市麻生区上麻生、同、高橋秀臣さん（４１）▽横浜市港北区大豆戸町、同、本多達一さん（３９）▽神戸市、同、山上貴史さん（４５）▽愛知県知立市東長篠、高校３年、伊藤琴美さん（１８）▽東京都中央区新川、会社員、上方麻衣さん（３１）",
65,"10/01/2014 09:31:25","10/01/2014 09:31:25",ダイオキシン対策、３１億円活用されず,http://headlines.yahoo.co.jp/hl?a=20141001-00000131-san-soci,san,20141001,,-5,," 　ダイオキシン対策として国が交付金を拠出し、自治体などが設置したゴミ焼却灰溶融固化施設のうち、１６施設が使用されていないことが３０日、会計検査院の調べで分かった。運転経費が高額なことなどが要因だが、交付金のうち約３１億円分が活用されていなかったことになる。",
66,"10/01/2014 09:32:13","10/01/2014 09:32:13",川内村の避難指示一部解除　田村市に続き２例目,http://headlines.yahoo.co.jp/hl?a=20141001-00000501-san-soci,san,20141001,,-5,," 　政府は１０月１日午前０時、東京電力福島第１原発事故に伴って福島県川内村（人口約２７００人）東部に設定されてきた避難指示区域のうち、年間被曝線量が２０ミリシーベルト以下の「避難指示解除準備区域」（１３９世帯２７５人）について、除染で放射線量が下がったなどとして、避難指示を解除した。
 
 　避難指示解除は４月の田村市都路地区に次いで２例目。これまで日中しか滞在できなかったが、自由に生活できるようになる。ただ、放射線への不安や生活環境が変わることへの心配などから、若い世代を中心に村への帰還は進んでいない。
 
 　また政府は１日、川内村に設定した年間被曝線量が２０ミリシーベルト超５０ミリシーベルト以下の「居住制限区域」（１８世帯５４人）を「避難指示解除準備区域」に変更。この地域の避難指示は継続され、これまで通り日中しか滞在できない。
 
 　福島県内で現在、避難指示の対象は川内村を含め１０市町村。",
67,"10/01/2014 09:36:42","10/01/2014 09:36:42",ダイオキシン対策、３１億円活用されず,http://headlines.yahoo.co.jp/hl?a=20141001-00000131-san-soci,san,20141001,,-5,," 　ダイオキシン対策として国が交付金を拠出し、自治体などが設置したゴミ焼却灰溶融固化施設のうち、１６施設が使用されていないことが３０日、会計検査院の調べで分かった。運転経費が高額なことなどが要因だが、交付金のうち約３１億円分が活用されていなかったことになる。",
68,"10/02/2014 09:18:40","10/02/2014 09:18:40",新プライバシー論争の始まりか、米政府がスマホ暗号化強化を批判,http://headlines.yahoo.co.jp/hl?a=20141001-00000061-jij_afp-int,jij_afp,20141001,,3,," 【AFP＝時事】携帯端末のプライバシーをめぐり、新たな戦いが起きようとしている──米グーグル（Google）とアップル（Apple）が携帯端末の暗号化強化を発表したことが、米法執行機関の批判の口火を切った。

米グーグル、アップルに続き暗号化強化を発表

　IT機器がプライバシー保護の暗号化技術を搭載するべきか否かという議論には、長い歴史がある。暗号化技術を搭載していると、法執行機関が時間との競争になる捜査活動で、これらの機器にアクセスするのが困難になる。
 
 　米連邦捜査局（FBI）のジェームズ・コミー（James Comey）長官は先週、この議論を再燃させ、スマートフォン（多機能携帯電話）に鍵をかけるというアップルとグーグルの新たな措置を非難した。両社の新方式では、アップルやグーグルでさえ、スマートフォンからデータを取り出すことのできる鍵を持たない。
 
 「私が懸念するのはこれらの企業が、法を超越した場所に自らを置くことを人々に認めるものを、あからさまにマーケティングしていることだ」とコミー長官は語り、たとえば子どもの誘拐やテロなどの事件で法執行機関が仮に令状を取ったとしても、タイムリーなアクセスを拒否される恐れがあると警告した。
 
 　同様の見解を、元FBI犯罪捜査部門責任者のロナルド・ホスコ（Ronald Hosko）氏も米紙ワシントン・ポスト（Washington Post）への意見記事で述べている。ホスコ氏は、残虐な誘拐事件で捜査当局が、スマートフォンのデータを用いてすんでのところで被害者の生命を守り、事件を解決した事例を引き合いに出した。
 
 「ほとんどの捜査は一つの情報源からの情報だけには頼らない。スマートフォンであっても」とホスコ氏は述べる。「だが捜査のパズルの全ての重要なピースがなければ、犯罪者たちやわが国に対する破壊活動を計画する者たちが自由の身になるかもしれない」
 
 ■「暗号戦争2.0」
 
 　プライバシーと暗号化の問題を追う観察者らによると、この議論は以前にも存在していた。
 
 　1990年代半ば、インターネットが力を持ち始めていたころ、政府は、あらゆる暗号化ソフトウエアやハードウエアのデジタル「鍵」へのアクセスを要求した。だがこの要求はあきらめられた。
 
 「これは暗号戦争2.0だ」と、デジタルの権利擁護団体「民主主義・技術センター（Center for Democracy and Technology、CDT）」のジョセフ・ホール（Joseph Hall）氏は語る。
 
 　現在の「（90年代との）最も大きな違いは、電話がますます深くパーソナルなものになり、1990年代のデスクトップ（コンピューター）よりも、日常生活や交流（の情報）をはるかに多く収めている」ことだとホール氏は指摘する。
 
 　またホール氏は、法執行機関にアクセス権限を渡すことで企業に「エンジニア上のぜい弱性」を許すことになり、ハッカーらによって悪用される恐れがあると主張する。「裏口から入ってきた人が善人か悪人かを見分ける方法はない」
 
 　電子フロンティア財団（Electronic Frontier Foundation、EFF）のシンディー・コーン（Cindy Cohn）氏は、FBIが1995年以来、この論理的不備のある主張を変わらずし続けてきたと指摘する。
 
 「この映画は前に観た」とコーン氏。「消費者の暗号化利用の規制と管理は2001年に公式に宣言されたゾッとする提案だ。だがまるでゾンビの様に、それが墓からよみがえってきている。同じ破滅的な欠陥を備えて」とコーン氏はブログで述べた。【翻訳編集】 AFPBB News",
69,"10/02/2014 09:19:04","10/02/2014 09:19:04",新プライバシー論争の始まりか、米政府がスマホ暗号化強化を批判,http://headlines.yahoo.co.jp/hl?a=20141001-00000061-jij_afp-int,jij_afp,20141001,,3,," 【AFP＝時事】携帯端末のプライバシーをめぐり、新たな戦いが起きようとしている──米グーグル（Google）とアップル（Apple）が携帯端末の暗号化強化を発表したことが、米法執行機関の批判の口火を切った。

米グーグル、アップルに続き暗号化強化を発表

　IT機器がプライバシー保護の暗号化技術を搭載するべきか否かという議論には、長い歴史がある。暗号化技術を搭載していると、法執行機関が時間との競争になる捜査活動で、これらの機器にアクセスするのが困難になる。
 
 　米連邦捜査局（FBI）のジェームズ・コミー（James Comey）長官は先週、この議論を再燃させ、スマートフォン（多機能携帯電話）に鍵をかけるというアップルとグーグルの新たな措置を非難した。両社の新方式では、アップルやグーグルでさえ、スマートフォンからデータを取り出すことのできる鍵を持たない。
 
 「私が懸念するのはこれらの企業が、法を超越した場所に自らを置くことを人々に認めるものを、あからさまにマーケティングしていることだ」とコミー長官は語り、たとえば子どもの誘拐やテロなどの事件で法執行機関が仮に令状を取ったとしても、タイムリーなアクセスを拒否される恐れがあると警告した。
 
 　同様の見解を、元FBI犯罪捜査部門責任者のロナルド・ホスコ（Ronald Hosko）氏も米紙ワシントン・ポスト（Washington Post）への意見記事で述べている。ホスコ氏は、残虐な誘拐事件で捜査当局が、スマートフォンのデータを用いてすんでのところで被害者の生命を守り、事件を解決した事例を引き合いに出した。
 
 「ほとんどの捜査は一つの情報源からの情報だけには頼らない。スマートフォンであっても」とホスコ氏は述べる。「だが捜査のパズルの全ての重要なピースがなければ、犯罪者たちやわが国に対する破壊活動を計画する者たちが自由の身になるかもしれない」
 
 ■「暗号戦争2.0」
 
 　プライバシーと暗号化の問題を追う観察者らによると、この議論は以前にも存在していた。
 
 　1990年代半ば、インターネットが力を持ち始めていたころ、政府は、あらゆる暗号化ソフトウエアやハードウエアのデジタル「鍵」へのアクセスを要求した。だがこの要求はあきらめられた。
 
 「これは暗号戦争2.0だ」と、デジタルの権利擁護団体「民主主義・技術センター（Center for Democracy and Technology、CDT）」のジョセフ・ホール（Joseph Hall）氏は語る。
 
 　現在の「（90年代との）最も大きな違いは、電話がますます深くパーソナルなものになり、1990年代のデスクトップ（コンピューター）よりも、日常生活や交流（の情報）をはるかに多く収めている」ことだとホール氏は指摘する。
 
 　またホール氏は、法執行機関にアクセス権限を渡すことで企業に「エンジニア上のぜい弱性」を許すことになり、ハッカーらによって悪用される恐れがあると主張する。「裏口から入ってきた人が善人か悪人かを見分ける方法はない」
 
 　電子フロンティア財団（Electronic Frontier Foundation、EFF）のシンディー・コーン（Cindy Cohn）氏は、FBIが1995年以来、この論理的不備のある主張を変わらずし続けてきたと指摘する。
 
 「この映画は前に観た」とコーン氏。「消費者の暗号化利用の規制と管理は2001年に公式に宣言されたゾッとする提案だ。だがまるでゾンビの様に、それが墓からよみがえってきている。同じ破滅的な欠陥を備えて」とコーン氏はブログで述べた。【翻訳編集】 AFPBB News",
70,"10/02/2014 11:10:54","10/02/2014 11:10:54","御嶽山噴火　極限の<font color=""blue"">救助</font>活動…足元の石崩れ灰で視界なし",http://headlines.yahoo.co.jp/hl?a=20141002-00000101-san-soci,san,20141002,,13,," 　御嶽山の噴火翌日の９月２８日から現地で捜索活動を行った東京消防庁の救助隊が１日、報道陣に救助活動の様子を明らかにした。救助隊は噴石や灰のため救助活動が困難を極める中、王滝頂上山荘付近で発見した重傷者ら７人を救出した。
 
 　隊員が足を踏み出す度に足元の石が崩れ、灰が舞った。救助を指
 
 揮したハイパーレスキュー隊の柳岡正隊長によると、「大きな石でも噴石かもしれず、足場になるか分からない。灰で自分の足元も全く見えない状態で、ストック（つえ）で地面をつつき、足場を確認しながら進んだ」という。
 
 　柳岡隊長ら救助隊３１人は２８日正午ごろ、王滝頂上山荘に到着し、心肺停止の男性１人と重傷の男女６人を発見。重傷者は布団で横になっていたが衰弱しており、柳岡隊長が「よく頑張ってくれました」と声をかけても、ぐったりとした様子だったという。
 
 　また、山荘近くの尾根道や崖の中腹などで別の重傷の女性１人と心肺停止の状態の男女約１０人を発見。全員は搬送できないため灰が積もっても場所が分かるようにストックを地面に立てるなどし、重傷者ら計７人の搬送を始めた。
 
 　山岳救助では、急勾配の場合、樹木などにロープの両端を固定して担架をつるして、滑らせるように搬送するが、山荘付近に樹木はない。そのため、隊員が数人がかりでロープを持って固定し、「ゆっくりゆっくり」などと声をかけ合いながら、担架を落とさないよう細心の注意を払っていたという。
 
 　中腹付近まで担架を下ろし、重傷者７人全員をヘリで麓まで運んで救急車で搬送。救助活動中も背後の火山口からは真っ白い噴煙が立ちのぼり、灰と小石が絶えずヘルメットに落ちてバラバラという音を立てていたという。
 
 　柳岡隊長は「いつまた噴火するか分からない状況だったが、とにかく要救助者を助けたいという思いだった。重傷者を救助できたことは良かったと思う」と話していた。",
71,"10/04/2014 11:38:01","10/04/2014 11:38:01","渡辺氏団体、９０００万円不記載か　「みんな」前代表　１０年<font color=""blue"">参院選</font>前後",http://headlines.yahoo.co.jp/hl?a=20141004-00000003-asahik-soci,asahik,20141004,,23,," 　みんなの党の渡辺喜美前代表が代表者を務める政治団体名義の銀行口座から、２０１０年の参院選前に、渡辺氏に計９千万円が貸し付けられ、その後返済されていたことが、関係者への取材で分かった。同団体の政治資金収支報告書に記載されておらず、この収支が同団体の資金だと認定されれば、政治団体にすべての支出と収入の記載を義務づけた政治資金規正法に抵触する可能性がある。
 　渡辺氏は同年、化粧品大手ディーエイチシー（ＤＨＣ）の吉田嘉明会長から３億円を借りており、このうち９千万円が同団体名義の口座に入った。吉田会長から渡辺氏への資金提供をめぐっては、大学教授らが東京地検に同法違反容疑などで告発状を提出しており、特捜部はこの政治団体の収支についても慎重に調べているとみられる。……
 本文：1,165文字  この記事の続きをお読みいただくには、朝日新聞デジタルselect on Yahoo!ニュースの購入が必要です。 ",
72,"10/04/2014 11:38:44","10/04/2014 11:38:44","渡辺氏団体、９０００万円不記載か　「みんな」前代表　１０年<font color=""blue"">参院選</font>前後",http://headlines.yahoo.co.jp/hl?a=20141004-00000003-asahik-soci,asahik,20141004,,23,," 　みんなの党の渡辺喜美前代表が代表者を務める政治団体名義の銀行口座から、２０１０年の参院選前に、渡辺氏に計９千万円が貸し付けられ、その後返済されていたことが、関係者への取材で分かった。同団体の政治資金収支報告書に記載されておらず、この収支が同団体の資金だと認定されれば、政治団体にすべての支出と収入の記載を義務づけた政治資金規正法に抵触する可能性がある。
 　渡辺氏は同年、化粧品大手ディーエイチシー（ＤＨＣ）の吉田嘉明会長から３億円を借りており、このうち９千万円が同団体名義の口座に入った。吉田会長から渡辺氏への資金提供をめぐっては、大学教授らが東京地検に同法違反容疑などで告発状を提出しており、特捜部はこの政治団体の収支についても慎重に調べているとみられる。……
 本文：1,165文字  この記事の続きをお読みいただくには、朝日新聞デジタルselect on Yahoo!ニュースの購入が必要です。 ",
73,"10/04/2014 11:40:11","10/04/2014 11:40:11","渡辺氏団体、９０００万円不記載か　「みんな」前代表　１０年<font color=""blue"">参院選</font>前後",http://headlines.yahoo.co.jp/hl?a=20141004-00000003-asahik-soci,asahik,20141004,,23,," 　みんなの党の渡辺喜美前代表が代表者を務める政治団体名義の銀行口座から、２０１０年の参院選前に、渡辺氏に計９千万円が貸し付けられ、その後返済されていたことが、関係者への取材で分かった。同団体の政治資金収支報告書に記載されておらず、この収支が同団体の資金だと認定されれば、政治団体にすべての支出と収入の記載を義務づけた政治資金規正法に抵触する可能性がある。
 　渡辺氏は同年、化粧品大手ディーエイチシー（ＤＨＣ）の吉田嘉明会長から３億円を借りており、このうち９千万円が同団体名義の口座に入った。吉田会長から渡辺氏への資金提供をめぐっては、大学教授らが東京地検に同法違反容疑などで告発状を提出しており、特捜部はこの政治団体の収支についても慎重に調べているとみられる。……
 本文：1,165文字  この記事の続きをお読みいただくには、朝日新聞デジタルselect on Yahoo!ニュースの購入が必要です。 ",
74,"10/04/2014 11:43:42","10/04/2014 11:43:42",登山好きな夫婦や職場仲間　御嶽山で亡くなった方々：１,http://headlines.yahoo.co.jp/hl?a=20141004-00000003-asahi-soci,asahi,20141004,,-5,," 　紅葉や絶景を楽しんでいた登山者に、火山灰と噴石の雨が襲いかかった。かけがえのない命を奪われたのは、仲の良い夫婦や、職場の仲間たち。確認された犠牲者は４７人に上る。御嶽山の噴火から、４日で１週間――。

【写真】高田紗妃さん（フェイスブックから）


 　　　　　◇
 
 上方（かみかた）麻衣さん（３１）　東京都中央区
 
 　北海道の高校時代は吹奏楽部。「とにかく元気で友達がたくさんいた」と部活仲間。噴火約１分前に山頂で撮った写真を知人にメールで送った。
 
 
 　　　　　◇
 
 高田紗妃さん（２９）　東京都大田区
 
 　「高校時代はおとなしいタイプだった」と友人。フェイスブックには友人らと日光白根山などに登って山頂でポーズを取る写真が並ぶ。
 
 
 　　　　　◇
 
 高橋秀臣さん（４１）　川崎市麻生区
 
 　損害保険会社に勤務。登山好きな会社の仲間９人で入山した。噴火直前、頂上で記念写真を撮っていた。
 
 
 　　　　　◇
 
 秋山浩和さん（２５）　神奈川県厚木市
 
 　高橋秀臣さん、近江屋洋さんと同じ職場だった。
 
 
 　　　　　◇
 
 近江屋洋さん（２６）　横浜市中区
 
 　高橋秀臣さん、秋山浩和さんと同じ職場だった。
 
 
 　　　　　◇
 
 金子健太さん（２６）　さいたま市桜区
 
 　高橋秀臣さんと同じ会社。新聞の集金でよく自宅を訪れた女性は「とても素直で感じが良かった」という。
 
 
 　　　　　◇
 
 増田直樹さん（４１）、睦美さん（４２）　静岡県御前崎市
 
 　仲良し夫婦で知られ、「毎朝一緒に車で通勤し、週末も出かけていた」と近所の人は語る。１９９８年の長野冬季五輪で、ともに聖火ランナーとして走った。ゴルフやテニスが趣味の夫と、音楽好きの妻。登山は２人にとって初めての共通の趣味だったという。
 
 
 　　　　　◇
 
 林卓司さん（５４）　長野県塩尻市
 
 　長野県木曽町で銀行支店長を務めた後、保険代理店に出向して営業職。くじけない性格という。「自然が好き。写真を撮りたかったのでは」と義兄は語った。",
75,"10/04/2014 11:53:03","10/04/2014 11:53:03",ノーベル平和賞に「９条」急浮上　受賞予測サイトでトップ,http://headlines.yahoo.co.jp/hl?a=20141004-00000002-asahik-soci,asahik,20141004,,-5,," 　１０日にノルウェー・オスロで発表される２０１４年のノーベル平和賞の受賞予測に、「憲法９条を保持する日本国民」が浮上した。
 　受賞予測を毎年発表し、的中の実績もある民間研究機関のオスロ国際平和研究所（ＰＲＩＯ）が３日、ウェブサイト上の予測リストを更新し、それまで「ランク外」だった「憲法９条」がトップに躍り出た。
 　これまで、同リストはフランシスコ・ローマ法王を筆頭候補としていたが、３日付で「憲法９条」が法王に取って代わった。
 　ＰＲＩＯのハープウィケン所長（５２）は朝日新聞の取材に、「中立や不可侵、平和主義につながる原則を掲げる憲法９条は、軍事的な紛争解決が多用される昨今において重要にもかかわらず、十分に光が当たっていない」と話した。……
 本文：330文字  この記事の続きをお読みいただくには、朝日新聞デジタルselect on Yahoo!ニュースの購入が必要です。 ",
76,"10/04/2014 11:54:26","10/04/2014 11:54:26",ノーベル平和賞に「９条」急浮上　受賞予測サイトでトップ,http://headlines.yahoo.co.jp/hl?a=20141004-00000002-asahik-soci,asahik,20141004,,-5,," 　１０日にノルウェー・オスロで発表される２０１４年のノーベル平和賞の受賞予測に、「憲法９条を保持する日本国民」が浮上した。
 　受賞予測を毎年発表し、的中の実績もある民間研究機関のオスロ国際平和研究所（ＰＲＩＯ）が３日、ウェブサイト上の予測リストを更新し、それまで「ランク外」だった「憲法９条」がトップに躍り出た。
 　これまで、同リストはフランシスコ・ローマ法王を筆頭候補としていたが、３日付で「憲法９条」が法王に取って代わった。
 　ＰＲＩＯのハープウィケン所長（５２）は朝日新聞の取材に、「中立や不可侵、平和主義につながる原則を掲げる憲法９条は、軍事的な紛争解決が多用される昨今において重要にもかかわらず、十分に光が当たっていない」と話した。……
 本文：330文字  この記事の続きをお読みいただくには、朝日新聞デジタルselect on Yahoo!ニュースの購入が必要です。 ",
77,"10/04/2014 11:57:53","10/04/2014 11:57:53",マグロの「血合い」を商品化＝捨てずに手間かけ有効利用―水産業者,http://headlines.yahoo.co.jp/hl?a=20141004-00000010-jij-soci,jij,20141004,,-5,," 　魚の身で赤黒い「血合い」と呼ばれる部分を有効利用し、おいしく食べられるようにする水産業者の取り組みが目立ってきた。資源の減少が心配されているマグロを使った工夫で、商品の人気も上々だ。
 　鹿児島県いちき串木野市の水産会社・新洋水産は県水産技術開発センターの協力を得て、紅茶を使って血合いをすり身に変える技術を開発。自社で製造するさつま揚げの原料に使用している。
 　原料のマグロは冷凍のキハダ、メバチマグロ。血合いの部分をミンチにし、紅茶葉の抽出液の中で数十分さらすと、赤黒さと臭みを除去できて白い魚肉だけを回収できる。その後、乾燥した卵白と水を加えて再びさらして脱水すると、弾力のあるすり身になるという。
 　マグロ類の血合いは魚肉の1〜2割を占め、抗酸化作用があるセレンなどを多く含むとされる。ただ「捨てられることが多く、一部がペットフードに活用されている程度」と同社。この技術を使えば「クロマグロやミナミマグロの血合いもすり身にできる」（同社）とみる。
 　新洋水産と同センターは、この技術について国内での特許を取得。今後、新洋水産は単独で国際特許を申請する予定で「国内外で利用が広がれば、原料供給が不安定なすり身の安定供給にもつながり、貴重なマグロ資源を一層有効に利用できるようになる」（同社）と意気込む。　",
78,"10/04/2014 11:58:24","10/04/2014 11:58:24","渡辺氏団体、９０００万円不記載か　「みんな」前代表　１０年<font color=""blue"">参院選</font>前後",http://headlines.yahoo.co.jp/hl?a=20141004-00000003-asahik-soci,asahik,20141004,,23,," 　みんなの党の渡辺喜美前代表が代表者を務める政治団体名義の銀行口座から、２０１０年の参院選前に、渡辺氏に計９千万円が貸し付けられ、その後返済されていたことが、関係者への取材で分かった。同団体の政治資金収支報告書に記載されておらず、この収支が同団体の資金だと認定されれば、政治団体にすべての支出と収入の記載を義務づけた政治資金規正法に抵触する可能性がある。
 　渡辺氏は同年、化粧品大手ディーエイチシー（ＤＨＣ）の吉田嘉明会長から３億円を借りており、このうち９千万円が同団体名義の口座に入った。吉田会長から渡辺氏への資金提供をめぐっては、大学教授らが東京地検に同法違反容疑などで告発状を提出しており、特捜部はこの政治団体の収支についても慎重に調べているとみられる。……
 本文：1,165文字  この記事の続きをお読みいただくには、朝日新聞デジタルselect on Yahoo!ニュースの購入が必要です。 ",
79,"10/04/2014 13:25:54","10/04/2014 13:25:54","<font color=""blue"">台風</font>１８号、６日午前に関東へ…御嶽捜索影響も",http://headlines.yahoo.co.jp/hl?a=20141004-00050016-yom-soci,yom,20141004,,13,," 　大型で非常に強い台風１８号は４日午前、沖縄県の南大東島近海を北北西に進んでいる。
 
 　５日午後に九州南部に接近後、スピードを上げながら本州を北東に進み、関東には６日午前に最接近する見通し。
 
 　気象庁によると、台風は４日午前１０時現在、南大東島の東約１５０キロ地点を時速１５キロで北北西に進んでいる。中心気圧は９３５ヘクト・パスカル、最大風速は５０メートルとなっている。５日は台風と本州南部の前線の影響で、九州から東北にかけて広い範囲で雨となる。
 
 　御嶽山周辺は５日から雨が降り始め、最接近する６日午前に激しい雨となるとみられ、行方不明者の捜索への影響が懸念される。",
80,"10/04/2014 13:27:44","10/04/2014 13:27:44","＜大阪刺殺＞３０代男の自宅を<font color=""blue"">殺人</font>容疑で家宅捜索",http://headlines.yahoo.co.jp/hl?a=20141004-00000026-mai-soci,mai,20141004,,13,," 　大阪市住吉区東粉浜１の民家で住人の無職、井川英子さん（８６）が刺殺された事件で、大阪府警が大阪市内の３０代の男の自宅を殺人容疑で家宅捜索したことが捜査関係者への取材で分かった。男は事件への関与をほのめかしているとされ、府警は引き続き任意で事情を聴く方針。
 
 　捜査関係者によると、男は事件直後の１日午後４時４０分ごろ、南海電鉄天下茶屋駅（大阪市西成区）のホームの公衆電話から、井川さんが自宅で倒れている旨を１１０番したとみられている。
 
 　公衆電話の周辺や井川さんの自宅そばのコンビニの防犯カメラには、この男と似た人物の映像が記録されていた。府警は男が何らかの事情を知っているとみて、３日から事情を聴くなど捜査を続けている。",
81,"10/04/2014 14:49:41","10/04/2014 14:49:41","＜<font color=""blue"">大阪</font>市交通局＞幹部ら不適切会食…一般職は内規違反",http://headlines.yahoo.co.jp/hl?a=20141004-00000006-mai-soci,mai,20141004,,22,," 　大阪市交通局の幹部ら５人（特別職３人、一般職２人）が今年４月、大手広告代理店の社員らと会食していたことが分かった。市の内規「公正契約職務執行マニュアル」は、同社など市の入札参加資格がある業者と、契約に関係する一般職との会食を規制しており、市は「抵触する」としている。５人のうち４人は、同社が７月に受注したシンポジウム事業の公募審査に関わったが、特別職は規制の対象外で、市は制度の改正を検討する。
 
 　◇入札参加資格業者と
 
 　関係者によると、会食は４月２５日、大阪市北区のビアホールであった。交通局側は藤本昌信局長、調査役ら特別職３人と、理事と部長の一般職２人の計５人が出席。同社側は役員と担当者ら計４人が参加した。
 
 　同社は２月に市営地下鉄の乗車人員増に関する企画を藤本局長らに提案。会食は同社が呼びかけ、飲食費は割り勘したという。調査役は同社の担当者と２人で会食もしていた。
 
 　同社は、交通局による「市営交通１１０周年記念シンポジウム」の公募に応募。６月３０日、計４社の企画提案を会食に参加した藤本局長と調査役、一般職２人ら計８人が審査し、最高得点だった同社が１３８９万円で受注した。シンポは８月２４日に市中央公会堂（同市北区）で開かれた。
 
 　同社は取材に４月の会食について「内規は承知していなかった。営業行為ではなく意見交換だった」と回答。藤本局長は「４月段階では利害関係はなく、部下は勉強させたいと思い誘った」と説明した。双方とも会食時にシンポの話はなかったとしている。
 
 　市契約管財局は、特別職は市長や副市長を想定しており、「政治的活動がある」との理由で内規の規制対象から外しているという。同局は「公募審査に特別職が直接関わることは想定していない」としている。【山下貴史、稲垣淳】",
82,"10/04/2014 14:57:51","10/04/2014 14:57:51","御嶽山噴火１週間　犠牲者、<font color=""blue"">神社</font>付近に集中",http://headlines.yahoo.co.jp/hl?a=20141004-00000095-san-soci,san,20141004,,42,," 　長野、岐阜両県にまたがる御嶽山（おんたけさん）の噴火で、長野県は３日、被災したとみられる行方不明者が午前９時現在で１６人と発表した。県内外の男女という。名前や住所は公表していない。噴火から４日で１週間。すでに登山者４７人の死亡が確認されている。県警や消防、自衛隊は不明者の救助・捜索活動に全力を挙げる。
 
 　県は県警や消防、自治体に入った情報のほか、登山届、駐車場に止めてあった車、同行者や家族の申告などを総合的に判断したとしている。
 
 　その上で「まだ人数が増える可能性はある」とした。１６人の家族には不明者と判断したことを伝えていないとし、安否に関する相談があったほかの家族への配慮からと説明した。
 
 　不明者の多くは火山灰や噴石などに埋もれているとみられる。御嶽山周辺は３日、前線の影響で朝から雨が降り、この日の捜索活動は中止となった。",
83,"10/04/2014 14:58:35","10/04/2014 14:58:35","赤ちゃんポストに<font color=""blue"">死亡</font>乳児、遺棄容疑の母「可哀想で」",http://headlines.yahoo.co.jp/hl?a=20141004-00000010-asahi-soci,asahi,20141004,,13,," 　熊本市西区島崎６丁目にある慈恵病院の赤ちゃんポスト「こうのとりのゆりかご」に３日夜、生後間もない男児の遺体が入れられていた事件で、熊本県警は４日朝、母親の同県山鹿市中の無職山下舞子容疑者（３１）を死体遺棄容疑で逮捕し、発表した。「数日前に出産した男児が自宅内で死亡していた。かわいそうで赤ちゃんポストに自分の車で運んだ」と容疑を認めているという。
 
 　発表によると、山下容疑者は３日午後８時半ごろ、親が育てられない子どもを匿名で預かる慈恵病院の「こうのとりのゆりかご」に、死亡した男児の死体を遺棄した疑いがある。
 
 　山下容疑者は「死んだ赤ちゃんを、ずっと家に置いておくわけにはいかなかった。（ポストの存在は）以前から知っていた」と供述しているという。
 
 　ポストは、病院の外壁の扉の中に赤ちゃんを寝かせる保育器があり、扉を開けるとブザーが鳴り、待機している看護師らが保護する仕組み。２００７年のポスト開設から今年３月末までに計１０１人が預けられているが、死亡した乳児が入れられたのは初めてだった。",
84,"10/04/2014 15:00:54","10/04/2014 15:00:54","赤ちゃんポストに<font color=""blue"">死亡</font>乳児、遺棄容疑の母「可哀想で」",http://headlines.yahoo.co.jp/hl?a=20141004-00000010-asahi-soci,asahi,20141004,,13,," 　熊本市西区島崎６丁目にある慈恵病院の赤ちゃんポスト「こうのとりのゆりかご」に３日夜、生後間もない男児の遺体が入れられていた事件で、熊本県警は４日朝、母親の同県山鹿市中の無職山下舞子容疑者（３１）を死体遺棄容疑で逮捕し、発表した。「数日前に出産した男児が自宅内で死亡していた。かわいそうで赤ちゃんポストに自分の車で運んだ」と容疑を認めているという。
 
 　発表によると、山下容疑者は３日午後８時半ごろ、親が育てられない子どもを匿名で預かる慈恵病院の「こうのとりのゆりかご」に、死亡した男児の死体を遺棄した疑いがある。
 
 　山下容疑者は「死んだ赤ちゃんを、ずっと家に置いておくわけにはいかなかった。（ポストの存在は）以前から知っていた」と供述しているという。
 
 　ポストは、病院の外壁の扉の中に赤ちゃんを寝かせる保育器があり、扉を開けるとブザーが鳴り、待機している看護師らが保護する仕組み。２００７年のポスト開設から今年３月末までに計１０１人が預けられているが、死亡した乳児が入れられたのは初めてだった。",
85,"10/04/2014 15:07:57","10/04/2014 15:07:57","赤ちゃんポストに<font color=""blue"">死亡</font>乳児、遺棄容疑の母「可哀想で」",http://headlines.yahoo.co.jp/hl?a=20141004-00000010-asahi-soci,asahi,20141004,,13,," 　熊本市西区島崎６丁目にある慈恵病院の赤ちゃんポスト「こうのとりのゆりかご」に３日夜、生後間もない男児の遺体が入れられていた事件で、熊本県警は４日朝、母親の同県山鹿市中の無職山下舞子容疑者（３１）を死体遺棄容疑で逮捕し、発表した。「数日前に出産した男児が自宅内で死亡していた。かわいそうで赤ちゃんポストに自分の車で運んだ」と容疑を認めているという。
 
 　発表によると、山下容疑者は３日午後８時半ごろ、親が育てられない子どもを匿名で預かる慈恵病院の「こうのとりのゆりかご」に、死亡した男児の死体を遺棄した疑いがある。
 
 　山下容疑者は「死んだ赤ちゃんを、ずっと家に置いておくわけにはいかなかった。（ポストの存在は）以前から知っていた」と供述しているという。
 
 　ポストは、病院の外壁の扉の中に赤ちゃんを寝かせる保育器があり、扉を開けるとブザーが鳴り、待機している看護師らが保護する仕組み。２００７年のポスト開設から今年３月末までに計１０１人が預けられているが、死亡した乳児が入れられたのは初めてだった。",
86,"10/04/2014 15:08:19","10/04/2014 15:08:19","赤ちゃんポストに<font color=""blue"">死亡</font>乳児、遺棄容疑の母「可哀想で」",http://headlines.yahoo.co.jp/hl?a=20141004-00000010-asahi-soci,asahi,20141004,,13,," 　熊本市西区島崎６丁目にある慈恵病院の赤ちゃんポスト「こうのとりのゆりかご」に３日夜、生後間もない男児の遺体が入れられていた事件で、熊本県警は４日朝、母親の同県山鹿市中の無職山下舞子容疑者（３１）を死体遺棄容疑で逮捕し、発表した。「数日前に出産した男児が自宅内で死亡していた。かわいそうで赤ちゃんポストに自分の車で運んだ」と容疑を認めているという。
 
 　発表によると、山下容疑者は３日午後８時半ごろ、親が育てられない子どもを匿名で預かる慈恵病院の「こうのとりのゆりかご」に、死亡した男児の死体を遺棄した疑いがある。
 
 　山下容疑者は「死んだ赤ちゃんを、ずっと家に置いておくわけにはいかなかった。（ポストの存在は）以前から知っていた」と供述しているという。
 
 　ポストは、病院の外壁の扉の中に赤ちゃんを寝かせる保育器があり、扉を開けるとブザーが鳴り、待機している看護師らが保護する仕組み。２００７年のポスト開設から今年３月末までに計１０１人が預けられているが、死亡した乳児が入れられたのは初めてだった。",
87,"10/04/2014 15:08:55","10/04/2014 15:08:55","赤ちゃんポストに<font color=""blue"">死亡</font>乳児、遺棄容疑の母「可哀想で」",http://headlines.yahoo.co.jp/hl?a=20141004-00000010-asahi-soci,asahi,20141004,,13,," 　熊本市西区島崎６丁目にある慈恵病院の赤ちゃんポスト「こうのとりのゆりかご」に３日夜、生後間もない男児の遺体が入れられていた事件で、熊本県警は４日朝、母親の同県山鹿市中の無職山下舞子容疑者（３１）を死体遺棄容疑で逮捕し、発表した。「数日前に出産した男児が自宅内で死亡していた。かわいそうで赤ちゃんポストに自分の車で運んだ」と容疑を認めているという。
 
 　発表によると、山下容疑者は３日午後８時半ごろ、親が育てられない子どもを匿名で預かる慈恵病院の「こうのとりのゆりかご」に、死亡した男児の死体を遺棄した疑いがある。
 
 　山下容疑者は「死んだ赤ちゃんを、ずっと家に置いておくわけにはいかなかった。（ポストの存在は）以前から知っていた」と供述しているという。
 
 　ポストは、病院の外壁の扉の中に赤ちゃんを寝かせる保育器があり、扉を開けるとブザーが鳴り、待機している看護師らが保護する仕組み。２００７年のポスト開設から今年３月末までに計１０１人が預けられているが、死亡した乳児が入れられたのは初めてだった。",
88,"10/04/2014 15:11:39","10/04/2014 15:11:39","赤ちゃんポストに<font color=""blue"">死亡</font>乳児、遺棄容疑の母「可哀想で」",http://headlines.yahoo.co.jp/hl?a=20141004-00000010-asahi-soci,asahi,20141004,,13,," 　熊本市西区島崎６丁目にある慈恵病院の赤ちゃんポスト「こうのとりのゆりかご」に３日夜、生後間もない男児の遺体が入れられていた事件で、熊本県警は４日朝、母親の同県山鹿市中の無職山下舞子容疑者（３１）を死体遺棄容疑で逮捕し、発表した。「数日前に出産した男児が自宅内で死亡していた。かわいそうで赤ちゃんポストに自分の車で運んだ」と容疑を認めているという。
 
 　発表によると、山下容疑者は３日午後８時半ごろ、親が育てられない子どもを匿名で預かる慈恵病院の「こうのとりのゆりかご」に、死亡した男児の死体を遺棄した疑いがある。
 
 　山下容疑者は「死んだ赤ちゃんを、ずっと家に置いておくわけにはいかなかった。（ポストの存在は）以前から知っていた」と供述しているという。
 
 　ポストは、病院の外壁の扉の中に赤ちゃんを寝かせる保育器があり、扉を開けるとブザーが鳴り、待機している看護師らが保護する仕組み。２００７年のポスト開設から今年３月末までに計１０１人が預けられているが、死亡した乳児が入れられたのは初めてだった。",
89,"10/04/2014 15:11:51","10/04/2014 15:11:51","赤ちゃんポストに<font color=""blue"">死亡</font>乳児、遺棄容疑の母「可哀想で」",http://headlines.yahoo.co.jp/hl?a=20141004-00000010-asahi-soci,asahi,20141004,,13,," 　熊本市西区島崎６丁目にある慈恵病院の赤ちゃんポスト「こうのとりのゆりかご」に３日夜、生後間もない男児の遺体が入れられていた事件で、熊本県警は４日朝、母親の同県山鹿市中の無職山下舞子容疑者（３１）を死体遺棄容疑で逮捕し、発表した。「数日前に出産した男児が自宅内で死亡していた。かわいそうで赤ちゃんポストに自分の車で運んだ」と容疑を認めているという。
 
 　発表によると、山下容疑者は３日午後８時半ごろ、親が育てられない子どもを匿名で預かる慈恵病院の「こうのとりのゆりかご」に、死亡した男児の死体を遺棄した疑いがある。
 
 　山下容疑者は「死んだ赤ちゃんを、ずっと家に置いておくわけにはいかなかった。（ポストの存在は）以前から知っていた」と供述しているという。
 
 　ポストは、病院の外壁の扉の中に赤ちゃんを寝かせる保育器があり、扉を開けるとブザーが鳴り、待機している看護師らが保護する仕組み。２００７年のポスト開設から今年３月末までに計１０１人が預けられているが、死亡した乳児が入れられたのは初めてだった。",
90,"10/04/2014 15:12:11","10/04/2014 15:12:11","赤ちゃんポストに<font color=""blue"">死亡</font>乳児、遺棄容疑の母「可哀想で」",http://headlines.yahoo.co.jp/hl?a=20141004-00000010-asahi-soci,asahi,20141004,,13,," 　熊本市西区島崎６丁目にある慈恵病院の赤ちゃんポスト「こうのとりのゆりかご」に３日夜、生後間もない男児の遺体が入れられていた事件で、熊本県警は４日朝、母親の同県山鹿市中の無職山下舞子容疑者（３１）を死体遺棄容疑で逮捕し、発表した。「数日前に出産した男児が自宅内で死亡していた。かわいそうで赤ちゃんポストに自分の車で運んだ」と容疑を認めているという。
 
 　発表によると、山下容疑者は３日午後８時半ごろ、親が育てられない子どもを匿名で預かる慈恵病院の「こうのとりのゆりかご」に、死亡した男児の死体を遺棄した疑いがある。
 
 　山下容疑者は「死んだ赤ちゃんを、ずっと家に置いておくわけにはいかなかった。（ポストの存在は）以前から知っていた」と供述しているという。
 
 　ポストは、病院の外壁の扉の中に赤ちゃんを寝かせる保育器があり、扉を開けるとブザーが鳴り、待機している看護師らが保護する仕組み。２００７年のポスト開設から今年３月末までに計１０１人が預けられているが、死亡した乳児が入れられたのは初めてだった。",
91,"10/04/2014 15:12:32","10/04/2014 15:12:32","赤ちゃんポストに<font color=""blue"">死亡</font>乳児、遺棄容疑の母「可哀想で」",http://headlines.yahoo.co.jp/hl?a=20141004-00000010-asahi-soci,asahi,20141004,,13,," 　熊本市西区島崎６丁目にある慈恵病院の赤ちゃんポスト「こうのとりのゆりかご」に３日夜、生後間もない男児の遺体が入れられていた事件で、熊本県警は４日朝、母親の同県山鹿市中の無職山下舞子容疑者（３１）を死体遺棄容疑で逮捕し、発表した。「数日前に出産した男児が自宅内で死亡していた。かわいそうで赤ちゃんポストに自分の車で運んだ」と容疑を認めているという。
 
 　発表によると、山下容疑者は３日午後８時半ごろ、親が育てられない子どもを匿名で預かる慈恵病院の「こうのとりのゆりかご」に、死亡した男児の死体を遺棄した疑いがある。
 
 　山下容疑者は「死んだ赤ちゃんを、ずっと家に置いておくわけにはいかなかった。（ポストの存在は）以前から知っていた」と供述しているという。
 
 　ポストは、病院の外壁の扉の中に赤ちゃんを寝かせる保育器があり、扉を開けるとブザーが鳴り、待機している看護師らが保護する仕組み。２００７年のポスト開設から今年３月末までに計１０１人が預けられているが、死亡した乳児が入れられたのは初めてだった。",
92,"10/04/2014 15:15:27","10/04/2014 15:15:27","赤ちゃんポストに<font color=""blue"">死亡</font>乳児、遺棄容疑の母「可哀想で」",http://headlines.yahoo.co.jp/hl?a=20141004-00000010-asahi-soci,asahi,20141004,,13,," 　熊本市西区島崎６丁目にある慈恵病院の赤ちゃんポスト「こうのとりのゆりかご」に３日夜、生後間もない男児の遺体が入れられていた事件で、熊本県警は４日朝、母親の同県山鹿市中の無職山下舞子容疑者（３１）を死体遺棄容疑で逮捕し、発表した。「数日前に出産した男児が自宅内で死亡していた。かわいそうで赤ちゃんポストに自分の車で運んだ」と容疑を認めているという。
 
 　発表によると、山下容疑者は３日午後８時半ごろ、親が育てられない子どもを匿名で預かる慈恵病院の「こうのとりのゆりかご」に、死亡した男児の死体を遺棄した疑いがある。
 
 　山下容疑者は「死んだ赤ちゃんを、ずっと家に置いておくわけにはいかなかった。（ポストの存在は）以前から知っていた」と供述しているという。
 
 　ポストは、病院の外壁の扉の中に赤ちゃんを寝かせる保育器があり、扉を開けるとブザーが鳴り、待機している看護師らが保護する仕組み。２００７年のポスト開設から今年３月末までに計１０１人が預けられているが、死亡した乳児が入れられたのは初めてだった。",
93,"10/04/2014 15:15:52","10/04/2014 15:15:52","赤ちゃんポストに<font color=""blue"">死亡</font>乳児、遺棄容疑の母「可哀想で」",http://headlines.yahoo.co.jp/hl?a=20141004-00000010-asahi-soci,asahi,20141004,,13,," 　熊本市西区島崎６丁目にある慈恵病院の赤ちゃんポスト「こうのとりのゆりかご」に３日夜、生後間もない男児の遺体が入れられていた事件で、熊本県警は４日朝、母親の同県山鹿市中の無職山下舞子容疑者（３１）を死体遺棄容疑で逮捕し、発表した。「数日前に出産した男児が自宅内で死亡していた。かわいそうで赤ちゃんポストに自分の車で運んだ」と容疑を認めているという。
 
 　発表によると、山下容疑者は３日午後８時半ごろ、親が育てられない子どもを匿名で預かる慈恵病院の「こうのとりのゆりかご」に、死亡した男児の死体を遺棄した疑いがある。
 
 　山下容疑者は「死んだ赤ちゃんを、ずっと家に置いておくわけにはいかなかった。（ポストの存在は）以前から知っていた」と供述しているという。
 
 　ポストは、病院の外壁の扉の中に赤ちゃんを寝かせる保育器があり、扉を開けるとブザーが鳴り、待機している看護師らが保護する仕組み。２００７年のポスト開設から今年３月末までに計１０１人が預けられているが、死亡した乳児が入れられたのは初めてだった。",
94,"10/04/2014 15:17:04","10/04/2014 15:17:04","赤ちゃんポストに<font color=""blue"">死亡</font>乳児、遺棄容疑の母「可哀想で」",http://headlines.yahoo.co.jp/hl?a=20141004-00000010-asahi-soci,asahi,20141004,,13,," 　熊本市西区島崎６丁目にある慈恵病院の赤ちゃんポスト「こうのとりのゆりかご」に３日夜、生後間もない男児の遺体が入れられていた事件で、熊本県警は４日朝、母親の同県山鹿市中の無職山下舞子容疑者（３１）を死体遺棄容疑で逮捕し、発表した。「数日前に出産した男児が自宅内で死亡していた。かわいそうで赤ちゃんポストに自分の車で運んだ」と容疑を認めているという。
 
 　発表によると、山下容疑者は３日午後８時半ごろ、親が育てられない子どもを匿名で預かる慈恵病院の「こうのとりのゆりかご」に、死亡した男児の死体を遺棄した疑いがある。
 
 　山下容疑者は「死んだ赤ちゃんを、ずっと家に置いておくわけにはいかなかった。（ポストの存在は）以前から知っていた」と供述しているという。
 
 　ポストは、病院の外壁の扉の中に赤ちゃんを寝かせる保育器があり、扉を開けるとブザーが鳴り、待機している看護師らが保護する仕組み。２００７年のポスト開設から今年３月末までに計１０１人が預けられているが、死亡した乳児が入れられたのは初めてだった。",
95,"10/04/2014 15:17:26","10/04/2014 15:17:26","赤ちゃんポストに<font color=""blue"">死亡</font>乳児、遺棄容疑の母「可哀想で」",http://headlines.yahoo.co.jp/hl?a=20141004-00000010-asahi-soci,asahi,20141004,,13,," 　熊本市西区島崎６丁目にある慈恵病院の赤ちゃんポスト「こうのとりのゆりかご」に３日夜、生後間もない男児の遺体が入れられていた事件で、熊本県警は４日朝、母親の同県山鹿市中の無職山下舞子容疑者（３１）を死体遺棄容疑で逮捕し、発表した。「数日前に出産した男児が自宅内で死亡していた。かわいそうで赤ちゃんポストに自分の車で運んだ」と容疑を認めているという。
 
 　発表によると、山下容疑者は３日午後８時半ごろ、親が育てられない子どもを匿名で預かる慈恵病院の「こうのとりのゆりかご」に、死亡した男児の死体を遺棄した疑いがある。
 
 　山下容疑者は「死んだ赤ちゃんを、ずっと家に置いておくわけにはいかなかった。（ポストの存在は）以前から知っていた」と供述しているという。
 
 　ポストは、病院の外壁の扉の中に赤ちゃんを寝かせる保育器があり、扉を開けるとブザーが鳴り、待機している看護師らが保護する仕組み。２００７年のポスト開設から今年３月末までに計１０１人が預けられているが、死亡した乳児が入れられたのは初めてだった。",
96,"10/04/2014 15:18:00","10/04/2014 15:18:00","赤ちゃんポストに<font color=""blue"">死亡</font>乳児、遺棄容疑の母「可哀想で」",http://headlines.yahoo.co.jp/hl?a=20141004-00000010-asahi-soci,asahi,20141004,,13,," 　熊本市西区島崎６丁目にある慈恵病院の赤ちゃんポスト「こうのとりのゆりかご」に３日夜、生後間もない男児の遺体が入れられていた事件で、熊本県警は４日朝、母親の同県山鹿市中の無職山下舞子容疑者（３１）を死体遺棄容疑で逮捕し、発表した。「数日前に出産した男児が自宅内で死亡していた。かわいそうで赤ちゃんポストに自分の車で運んだ」と容疑を認めているという。
 
 　発表によると、山下容疑者は３日午後８時半ごろ、親が育てられない子どもを匿名で預かる慈恵病院の「こうのとりのゆりかご」に、死亡した男児の死体を遺棄した疑いがある。
 
 　山下容疑者は「死んだ赤ちゃんを、ずっと家に置いておくわけにはいかなかった。（ポストの存在は）以前から知っていた」と供述しているという。
 
 　ポストは、病院の外壁の扉の中に赤ちゃんを寝かせる保育器があり、扉を開けるとブザーが鳴り、待機している看護師らが保護する仕組み。２００７年のポスト開設から今年３月末までに計１０１人が預けられているが、死亡した乳児が入れられたのは初めてだった。",
97,"10/04/2014 15:18:07","10/04/2014 15:18:07","赤ちゃんポストに<font color=""blue"">死亡</font>乳児、遺棄容疑の母「可哀想で」",http://headlines.yahoo.co.jp/hl?a=20141004-00000010-asahi-soci,asahi,20141004,,13,," 　熊本市西区島崎６丁目にある慈恵病院の赤ちゃんポスト「こうのとりのゆりかご」に３日夜、生後間もない男児の遺体が入れられていた事件で、熊本県警は４日朝、母親の同県山鹿市中の無職山下舞子容疑者（３１）を死体遺棄容疑で逮捕し、発表した。「数日前に出産した男児が自宅内で死亡していた。かわいそうで赤ちゃんポストに自分の車で運んだ」と容疑を認めているという。
 
 　発表によると、山下容疑者は３日午後８時半ごろ、親が育てられない子どもを匿名で預かる慈恵病院の「こうのとりのゆりかご」に、死亡した男児の死体を遺棄した疑いがある。
 
 　山下容疑者は「死んだ赤ちゃんを、ずっと家に置いておくわけにはいかなかった。（ポストの存在は）以前から知っていた」と供述しているという。
 
 　ポストは、病院の外壁の扉の中に赤ちゃんを寝かせる保育器があり、扉を開けるとブザーが鳴り、待機している看護師らが保護する仕組み。２００７年のポスト開設から今年３月末までに計１０１人が預けられているが、死亡した乳児が入れられたのは初めてだった。",
98,"10/04/2014 15:19:33","10/04/2014 15:19:33","赤ちゃんポストに<font color=""blue"">死亡</font>乳児、遺棄容疑の母「可哀想で」",http://headlines.yahoo.co.jp/hl?a=20141004-00000010-asahi-soci,asahi,20141004,,13,," 　熊本市西区島崎６丁目にある慈恵病院の赤ちゃんポスト「こうのとりのゆりかご」に３日夜、生後間もない男児の遺体が入れられていた事件で、熊本県警は４日朝、母親の同県山鹿市中の無職山下舞子容疑者（３１）を死体遺棄容疑で逮捕し、発表した。「数日前に出産した男児が自宅内で死亡していた。かわいそうで赤ちゃんポストに自分の車で運んだ」と容疑を認めているという。
 
 　発表によると、山下容疑者は３日午後８時半ごろ、親が育てられない子どもを匿名で預かる慈恵病院の「こうのとりのゆりかご」に、死亡した男児の死体を遺棄した疑いがある。
 
 　山下容疑者は「死んだ赤ちゃんを、ずっと家に置いておくわけにはいかなかった。（ポストの存在は）以前から知っていた」と供述しているという。
 
 　ポストは、病院の外壁の扉の中に赤ちゃんを寝かせる保育器があり、扉を開けるとブザーが鳴り、待機している看護師らが保護する仕組み。２００７年のポスト開設から今年３月末までに計１０１人が預けられているが、死亡した乳児が入れられたのは初めてだった。",
99,"10/04/2014 15:21:44","10/04/2014 15:21:44","赤ちゃんポストに<font color=""blue"">死亡</font>乳児、遺棄容疑の母「可哀想で」",http://headlines.yahoo.co.jp/hl?a=20141004-00000010-asahi-soci,asahi,20141004,,13,," 　熊本市西区島崎６丁目にある慈恵病院の赤ちゃんポスト「こうのとりのゆりかご」に３日夜、生後間もない男児の遺体が入れられていた事件で、熊本県警は４日朝、母親の同県山鹿市中の無職山下舞子容疑者（３１）を死体遺棄容疑で逮捕し、発表した。「数日前に出産した男児が自宅内で死亡していた。かわいそうで赤ちゃんポストに自分の車で運んだ」と容疑を認めているという。
 
 　発表によると、山下容疑者は３日午後８時半ごろ、親が育てられない子どもを匿名で預かる慈恵病院の「こうのとりのゆりかご」に、死亡した男児の死体を遺棄した疑いがある。
 
 　山下容疑者は「死んだ赤ちゃんを、ずっと家に置いておくわけにはいかなかった。（ポストの存在は）以前から知っていた」と供述しているという。
 
 　ポストは、病院の外壁の扉の中に赤ちゃんを寝かせる保育器があり、扉を開けるとブザーが鳴り、待機している看護師らが保護する仕組み。２００７年のポスト開設から今年３月末までに計１０１人が預けられているが、死亡した乳児が入れられたのは初めてだった。",
100,"10/21/2014 08:12:48","10/21/2014 08:12:48","橋下<font color=""blue"">大阪</font>市長と在特会会長が「罵り合い」10分間の不毛なバトル（全文書き起こし）",http://headlines.yahoo.co.jp/hl?a=20141020-00002190-bengocom-soci,bengocom,20141020,,22,," 橋下徹大阪市長とヘイトスピーチが問題になっている「在日特権を許さない市民の会（在特会）」の「意見交換会」が10月20日、大阪市役所で行われた。
 
 意見交換という名とは裏腹に、面談は「あんたが言い出したことやろ」「あんたじゃねえだろ」など、冒頭から怒号が飛び交う展開となった。「うるせえ」「なんだよ」などと声を荒げた末、桜井氏が立ち上がり、橋下市長に詰め寄ったため、SPらが制止する場面もあった。
 
 議論はその後、しばらく続いたが、ほとんどかみ合わないまま。ついにはお互いに罵倒しあう展開になり、橋下市長が終了を告げて立ち去った。当初30分程度が予定されていた意見交換は、10分足らずで終わった。
 
 二人の面談の模様は、ニコニコ生放送で生中継されたが、視聴者からは「大の大人同士が恥ずかしいな」「口げんかか」など、批判的なコメントが投稿された。
 
 橋下市長と桜井氏のやりとりの全文は、以下のとおり。
 
 ●橋下市長と桜井氏のやりとり
 
 橋下市長：先に言ってもらったらいいんじゃないですか。
 
 桜井氏：そうですか、まずね、色々と言いたいこともあるんですけれども、ヘイトスピーチについてお伺いできます？
 
 橋下市長：僕の意見を聞くんじゃなくて・・・。
 
 桜井氏：いや、あんたが言い出したことやろ。
 
 橋下市長：あんたじゃねえだろ
 
 桜井氏：おまえでいいのか、じゃあ？　あのね、まずあなたが、ヘイトスピーチうんぬんて言い出したことでしょ。
 
 橋下市長：大阪で、そういう発言はもうやめろと言ってるんだ！
 
 桜井氏：どういう発言なのかって聞いてんだよ！
 
 橋下市長：民族とか国籍を一括りにして評価をするような、そういう発言はやめろと言ってるんだ。
 
 桜井氏：朝鮮人を批判することがいけないって、あなたは言ってるわけ？
 
 橋下市長：おまえな・・・。
 
 桜井氏：おまえって言うなよ！
 
 橋下市長：うるせえ。おまえ、おまえだよ
 
 桜井氏：なんだよそれ・・・。
 
 （桜井氏、立ち上がり橋下市長に詰め寄る。SPらが駆け寄り、桜井氏を制止した）
 
 桜井氏：それでも男かよ、こうやって守られやがって。
 
 橋下市長：座れ。勘違いするなよ、おまえ。
 
 桜井氏：そちらこそ、勘違いしないでもらえるか。
 
 橋下市長：おまえな、勘違いするなよ。
 
 桜井氏：君は公僕だろ？
 
 橋下市長：公僕がなんだよ。
 
 桜井氏：公の僕（しもべ）であって・・・。
 
 橋下市長：おまえみたいのは許せねえって言ってんだよ！
 
 桜井氏：だったらやってみろよ、男だったら一対一で！ なんだよ、後ろの警備は？ 人に命、守ってもらわなきゃ、なんにもできないんだったら、最初から言うなよ！
 
 橋下市長：大阪で、おまえなあ、そういう発言はやめろ。
 
 桜井氏：どういう発言なんだって聞いて、答えられないだろ、君？
 
 橋下市長：おまえ、国会議員に言え。
 
 桜井氏：は？
 
 橋下市長：おまえの主張は国会議員に言えっていってるんだよ。
 
 桜井氏：あんたの友達の国会議員に言ってるよ。
 
 橋下市長：言えよ。
 
 桜井氏：おう、言ってるよ
 
 橋下市長：どんどん言え。
 
 桜井氏：それで終わりじゃねえか、話は。
 
 橋下市長：参政権を持ってない、在日韓国人の人に言ってもしょうがねえだろ。
 
 桜井氏：その参政権を求めてるだろ彼らは・・・。
 
 橋下市長：強いものに言えよ。
 
 桜井氏：言ってるだろうよ。
 
 橋下市長：もっと弱い者いじめばかりするんじゃなくって。
 
 桜井氏：じゃあ、いったいどう弱い者いじめをしたか教えてくれるか？
 
 橋下市長：国会議員に言え、政府に言え、東京に行って来い。で、統一地方選挙あるだろ？　立候補しろ。
 
 桜井氏：君ね、なんで私を呼んだんだ、そしたら？
 
 橋下市長：民主主義・・・おまえがな・・・。
 
 桜井氏：（手元の資料を見ながら）記者会見のあんたの発言、全部ここに抜き出してるけど、最初におまえが呼んでるだろうよ。
 
 橋下市長：民主主義なんだから、選挙やって訴えろよ。
 
 桜井氏：それで、いつも逃げてるだろ
 
 橋下市長：くだらねえ。そんな政治団体か何か知らねえけどな、そんなしょうもないことやるんじゃなくて、今度の統一地方選挙でおまえ訴えたらいいじゃないか。
 
 桜井氏：わたし、政治に興味ないので。
 
 橋下市長：だから、そういう在日の特別永住制度とか、そういうことに文句があるんだったら、それを作った国会議員に言えって言ってるんだよ
 
 桜井氏：言ってるんだよ。そして何よりもね、特別永住制度なくしたらどうなるかわかるだろ・・・。
 
 橋下市長：だから、国会議員にいえ。
 
 桜井氏：言ってるって言ってるんだよ。
 
 橋下市長：ルール違反をやってる特定個人がいるんだったら、刑事告発しろ。民族をまとめて、国籍をまとめて、それに対して、評価を下したり、ああいう下劣な発言はやめろ。
 
 桜井氏：どういう下劣な発言なんだって聞いてる。
 
 橋下市長：裁判所で認定されてる事実だ。
 
 桜井氏：俺が言ったのかよ
 
 橋下市長：まだ、1審、2審だから、最高裁でまだ可能性もあるから、まだ断定はできないけど。おまえ、そういう主張があるんだったら、ちゃんと、政治家に言うか、それか立候補して訴えろよ。
 
 桜井氏：なるほど、君は政治家じゃないんだね？
 
 橋下市長：訴えろよ。
 
 桜井氏：いや、君は政治家じゃないんだろ？
 
 橋下市長：おれは大阪市長。
 
 桜井氏：その大阪市長が、何の権限があってヘイトスピーチがどうのこうのって言ってるの？　これ、7月の君の記者会見たよ。自分が相手をするから来いと、こう言ってるんだよ？ しかも、9月になんて言ってるよ。「僕に簡単に会えると思うな」とかね。ふざけたこと言うな。頭おかしいのか君は。7月に言ったことと、9月に言ったことと全然違うだろ。政治家に言えって言うから、あんたにも言ってるだろ。
 
 橋下市長：国会議員に言えって言ってるんだよ。
 
 桜井氏：そして何よりもね、特別永住制度をなくすために・・・。
 
 橋下市長：市役所の前で言ってもいいけど、韓国人や朝鮮人を一括りにして、それに対してああだこうだ言うなっつってんだ、大阪では。
 
 桜井氏：日本人を一括りにして、誹謗中傷をやるから、叩き返しているだけだろうよ。おまえも日本人の代表だったら少しくらい言えよ、韓国人に。
 
 橋下市長：特定個人が誰なのか、特定個人をちゃんと指摘しろよ。
 
 桜井氏：朴槿惠（パク・クネ）でもいいよ。君が言ってやれよ。
 
 橋下市長：それで、刑事告発でもなんでもやれよ、民主主義のルールに基づいて。
 
 桜井氏：こちらも民主主義にルールに基づいてデモ行進やってる・・・。
 
 橋下市長：おまえ、何か勘違いしてるんじゃないのか？
 
 桜井氏：何を？
 
 橋下市長：おまえ、自分で世の中変えられる力あると勘違いしてるんじゃないか？
 
 桜井氏：そりゃ、あんただろうよ。たかが、一地方の首長ごときでふざけたこと言うなよ。
 
 橋下市長：だったら、おまえ立候補して当選してみろよ。
 
 桜井氏：政治にまったく興味ないんでね。政治家っていうのは、この世でもっとも醜悪な人種だと思ってるんでね。
 
 橋下市長：当選してから言え。
 
 桜井氏：悪いけど、政治に興味がない人間が言ったってしょうがないだろ。
 
 橋下市長：そしたら、いちいち政治的活動するな！
 
 桜井氏：政治を信じてない人間が政治に出るのは、なによりも冒涜行為だろ！違うか？
 
 橋下市長：世の中を変えるのは、そんな簡単じゃないの。
 
 桜井氏：わかってるよ。君を見てればよくわかるよ。
 
 橋下市長：統一地方選挙をやって、ちゃんと訴えて・・・。
 
 桜井氏：これは選挙の話じゃなくてヘイトスピーチじゃなかったのか！
 
 橋下市長：支持されるかどうか・・・。
 
 桜井氏：話をそらすなよ！
 
 橋下市長：おまえみたいな差別主義者は大阪にはいらない。
 
 桜井氏：誰が差別主義者だよ？
 
 橋下市長：おまえだよ。
 
 桜井氏：なんで差別主義者なんだ、教えてくれるか？
 
 橋下市長：民族を一括りにしてしゃべるなって言ってるんだ。
 
 桜井氏：ということは、韓国人はみんな差別主義者か？
 
 橋下市長：ルール違反があるんだったら特定個人をしろよ・・・。
 
 桜井氏：どうなんだ！ 韓国人がみんな差別主義者か答えろよ？
 
 橋下市長：お前だよ、差別主義者は。
 
 桜井氏：おまえ、どうして、そうやって話をそらすわけ？
 
 橋下市長：もうやめろって。もうわかってんだろ？　自分で。
 
 桜井氏：それはあんただろ。自分で言ってるの、めちゃくちゃじゃないか。
 
 橋下市長：とにかく、大阪では、おまえみたいな活動はいらないから。ちゃんと政治的な主張と、通常の表現の自由に収まるような主張に変えろと言ってるんだ
 
 桜井氏：おまえね、こないだ、在特会がおとなしくなったとかなんとか言ってただろ？　ああいうデモしか、われわれやったことないんだよ。それ以外のデモで、あんたが言う、ヘイトがどうのこうのっていうデモがあるんだったら、日付言ってくれるか？
 
 橋下市長：だから、普通にやれ。
 
 桜井氏：普通にやってるんだよ。
 
 橋下市長：表現の自由の範囲内で、普通にやれ。
 
 桜井氏：だから、それをあんた、確認したって言ったじゃんか。
 
 橋下市長：だから、民族を一括りにして言うな。朝鮮人は出ていけとか、ゴミはゴミ箱、朝鮮人は半島に帰れとか、そういう、下らないことはやめろ。
 
 桜井氏：それ、いったい何が悪いわけ？
 
 橋下市長：特別永住者の制度がおかしいんだったら、ここがおかしい。ここをこうしろ。これはおかしんじゃないかと、そういことを言え。
 
 桜井氏：朝鮮人は朝鮮半島に帰れっていうのはひとつの意見だろうよ！
 
 橋下市長：やめろと。民族を一括りにするのは。
 
 桜井氏：おまえ、民主主義否定するのやめろよ。言論の自由を否定するのやめろよ。あんた民主制の下で選挙で受かったんとちがうんかい？民主制否定するんだったら辞めてから言えよ。
 
 橋下市長：選挙出てからやれよ。
 
 桜井氏：飛田新地帰れよ。
 
 橋下市長：選挙出てからやれよ。
 
 桜井氏：選挙に興味がないって言ってる。あんたたちみたいな権力欲ばっかりじゃないんだよ、人間は。日本を少しでも良くしたいと願う。あるいは、日本に対して冒涜行為を働く、暴言を働くような人間がいたら、怒って当たり前と違うか？
 
 橋下市長：勘違いするなよ、おまえ。いい加減にしろ。（振り向いて）もう終わりにしましょうか？
 
 桜井氏：帰れ、さっさと。
 
 橋下市長：おまえ、ここ大阪市役所だぞ？　おまえが帰れ。
 
 桜井氏：お前が呼んだんだぞ？　だから、外でやれっつったろ！
 
 橋下市長：帰れ、帰れ。
 
 （会場から、生活保護の問題に触れるように要求する、やじが飛んだ）
 
 橋下市長：帰れ。
 
 桜井氏：生活保護の問題は・・・。
 
 橋下市長：施設管理権は大阪市長にありますから、帰れ（席を立つ）
 
 桜井氏：みっともないったらありゃしねえな、この男は。言い逃げかよ。さよなら、弱虫の橋下君。二度と会うことはないと思うけど、さっさと帰れ。飛田新地に帰れー！　はい、終わり。",
101,"11/20/2014 18:52:14","11/20/2014 18:52:14","女性消防士にプロレス技、期限切れ温泉卵を口に…<font color=""blue"">東京</font>消防庁、パワハラ行為で懲戒処分",http://headlines.yahoo.co.jp/hl?a=20141120-00000562-san-soci,san,20141120,,22,," 　東京消防庁は２０日、女性消防士に首を絞めるプロレス技をかけ、気絶寸前に追い込むなど後輩８人にパワハラを繰り返したとして、赤羽署の男性消防副士長（５７）を停職６月の懲戒処分にした。副士長は同日付で依願退職した。
 
 　同庁によると、副士長は平成２１〜２６年８月、赤羽署の２０〜２７歳の消防士ら８人に対し、跳び蹴りやプロレス技などの暴行のほか、賞味期限が切れた温泉卵を口に押し込んだり、おもちゃの拳銃で腹部や背中を撃ったりするなどの行為を計１３回繰り返したという。
 
 　今年８月に暴行を受けた女性消防士が上司に相談して発覚。同庁が調査を開始すると、副士長は男性消防士に、清涼飲料水を頭からかけて「何も言うなよ」と口止めしていたという。副士長は調査に「指導の一環のつもりだった」と話したという。
 
 　同署の榎本暁署長は「職員による暴力行為は誠に遺憾で、信頼回復に向け、さらなる職員教育・指導の強化を図り、再発防止に努める」とコメントした。",
102,"12/27/2014 00:28:00","12/27/2014 00:28:00","<font color=""blue"">大阪</font>・動物園前駅がリニューアル ── 壁面に「ケニア」の大自然など",http://headlines.yahoo.co.jp/hl?a=20141226-00000009-wordleaf-soci,wordleaf,20141226,,22,," 　大阪市交通局は26日、同市営地下鉄御堂筋線動物園前駅のホームと東コンコース（東改札付近）をリニューアル。壁面にリアルな大自然や動物が描かれた空間が広がり、子どもらのテンションが上がるアイデアを盛り込んだものとなっており、さっそく利用客が写真撮影する光景も見られた。同局の担当者は「天王寺動物園と盛り上がれれば」などと話している。

【動画】動物園前駅で下車、リニューアルほやほやの駅構内を歩いてみると...",
103,"01/03/2015 19:36:45","01/03/2015 19:36:45","老朽化進む仮設住宅　雨漏り、カビ発生で肺炎不安も…<font color=""blue"">大震災</font>の被災地に疲労色濃く",http://headlines.yahoo.co.jp/hl?a=20150103-00000517-san-soci,san,20150103,,30,," 　東日本大震災から３年９カ月が過ぎたが、被災３県では１１月末現在でいまだ約８万５千人がプレハブ仮設住宅で生活を送る。そもそも災害救助法では、仮設住宅の長期使用は「原則２年間」としか想定されていない。住宅の老朽化も進み、月日とともに増していく人々の疲労を感じた１年だった。
 
 　海から湿った風が流れ、蒸し暑さが続いた今年の夏。狭く気密性が高い仮設住宅では、多くの人が室内にしつこく発生するカビに悩んでいた。宮城県気仙沼市の仮設住宅に住む５０代の女性は、平成２３年８月の入居直後から室内にカビが生え、掃除と布団干しを毎日欠かさなかったという。カビの悪臭で、１部屋に３つずつ脱臭剤を置いていたことも。しかし、同年の冬からせきが止まらなくなり、昨年肺炎と診断され、入院も経験。「カビの掃除で吸い込んでいたのでは」と不安そうに話す。今でもカビや結露、雨漏れに悩まされる日々が続く。
 
 　肌寒さが増してきた今年の秋。福島県南相馬市の仮設住宅を訪ねると、住民の青砥（あおと）宗男さん（８６）が玄関の壁に取り付けた木の板を指さした。「これ、自分で作ったんです」。板は、雨漏りやすきま風を防ぐためのもの。３年以上がたった仮設住宅は劣化が進み、住民自ら修繕などの工夫を施した住宅を多く見た。保温性に乏しい仮設住宅は「朝晩本当に寒い」と１０月下旬にこたつを出し、やがて来る冬に身構える男性もいた。
 
 　宮城県名取市の仮設住宅では、多くの高齢女性が津波の夢を見たり、将来への不安が襲ってきたりして、「いまだ睡眠薬を手放せない」と話していた。同県石巻市の女性（８７）は４畳半一間に１人で暮らし、「家に１人でいるとおかしくなってしまいそう」と漏らす。仮設住宅の物理的な劣化と比例するように、住民の気苦労や不安、疲労も増大している。
 
 　現在仮設住宅に住む多くの人は高齢で、自宅の自力再建は困難だ。建てたばかりの自宅が津波に流され、「もう住めない家のローンが３千万円ほど残って払い続けている」と打ち明けてくれた女性もいる。そのため多くは市町が整備する集合住宅か、戸建て住宅で賃貸の「災害公営住宅」に移ることになるが、完成したのは宮城県でも１１月末時点で１割ほど。用地取得などの遅れから、何年先に入居できるのかがはっきりしていない場所もあり、被災者の不安をあおっている。
 
 　「若く元気な人は抜けていき、高齢者や体調に問題を抱える人が凝縮する」。石巻市包括ケアセンターの長（ちょう）純一所長（４８）に取材した際、これからの仮設住宅が迎える問題をこう表現したのが印象に残っている。自宅を再建できる経済力や働き続けられる体力を持つ若い世代が抜け、仮設住宅団地からも徐々に活気が失われている。仮設住宅に残った人々にとっては暮らしが長期化するほど、焦りばかりが募ってしまう。
 
 　「ぜいたくは言わない。ここまでみんなに支えられて生きてこられただけでありがたい」。そう答え、決して十分とはいえない生活環境の中で、毎日を懸命に生きる被災地の人々の姿を見てきた。人々が１日も早く終のすみかへ移り、来年はより多くの人が新年を暖かな新居で迎えられるよう、復興がさらに進むことを願う。（安藤歩美）",
104,"01/03/2015 20:57:40","01/03/2015 20:57:40","老朽化進む仮設住宅　雨漏り、カビ発生で肺炎不安も…<font color=""blue"">大震災</font>の被災地に疲労色濃く",http://headlines.yahoo.co.jp/hl?a=20150103-00000517-san-soci,san,20150103,,30,," 　東日本大震災から３年９カ月が過ぎたが、被災３県では１１月末現在でいまだ約８万５千人がプレハブ仮設住宅で生活を送る。そもそも災害救助法では、仮設住宅の長期使用は「原則２年間」としか想定されていない。住宅の老朽化も進み、月日とともに増していく人々の疲労を感じた１年だった。
 
 　海から湿った風が流れ、蒸し暑さが続いた今年の夏。狭く気密性が高い仮設住宅では、多くの人が室内にしつこく発生するカビに悩んでいた。宮城県気仙沼市の仮設住宅に住む５０代の女性は、平成２３年８月の入居直後から室内にカビが生え、掃除と布団干しを毎日欠かさなかったという。カビの悪臭で、１部屋に３つずつ脱臭剤を置いていたことも。しかし、同年の冬からせきが止まらなくなり、昨年肺炎と診断され、入院も経験。「カビの掃除で吸い込んでいたのでは」と不安そうに話す。今でもカビや結露、雨漏れに悩まされる日々が続く。
 
 　肌寒さが増してきた今年の秋。福島県南相馬市の仮設住宅を訪ねると、住民の青砥（あおと）宗男さん（８６）が玄関の壁に取り付けた木の板を指さした。「これ、自分で作ったんです」。板は、雨漏りやすきま風を防ぐためのもの。３年以上がたった仮設住宅は劣化が進み、住民自ら修繕などの工夫を施した住宅を多く見た。保温性に乏しい仮設住宅は「朝晩本当に寒い」と１０月下旬にこたつを出し、やがて来る冬に身構える男性もいた。
 
 　宮城県名取市の仮設住宅では、多くの高齢女性が津波の夢を見たり、将来への不安が襲ってきたりして、「いまだ睡眠薬を手放せない」と話していた。同県石巻市の女性（８７）は４畳半一間に１人で暮らし、「家に１人でいるとおかしくなってしまいそう」と漏らす。仮設住宅の物理的な劣化と比例するように、住民の気苦労や不安、疲労も増大している。
 
 　現在仮設住宅に住む多くの人は高齢で、自宅の自力再建は困難だ。建てたばかりの自宅が津波に流され、「もう住めない家のローンが３千万円ほど残って払い続けている」と打ち明けてくれた女性もいる。そのため多くは市町が整備する集合住宅か、戸建て住宅で賃貸の「災害公営住宅」に移ることになるが、完成したのは宮城県でも１１月末時点で１割ほど。用地取得などの遅れから、何年先に入居できるのかがはっきりしていない場所もあり、被災者の不安をあおっている。
 
 　「若く元気な人は抜けていき、高齢者や体調に問題を抱える人が凝縮する」。石巻市包括ケアセンターの長（ちょう）純一所長（４８）に取材した際、これからの仮設住宅が迎える問題をこう表現したのが印象に残っている。自宅を再建できる経済力や働き続けられる体力を持つ若い世代が抜け、仮設住宅団地からも徐々に活気が失われている。仮設住宅に残った人々にとっては暮らしが長期化するほど、焦りばかりが募ってしまう。
 
 　「ぜいたくは言わない。ここまでみんなに支えられて生きてこられただけでありがたい」。そう答え、決して十分とはいえない生活環境の中で、毎日を懸命に生きる被災地の人々の姿を見てきた。人々が１日も早く終のすみかへ移り、来年はより多くの人が新年を暖かな新居で迎えられるよう、復興がさらに進むことを願う。（安藤歩美）",
105,"01/03/2015 20:59:24","01/03/2015 20:59:24","老朽化進む仮設住宅　雨漏り、カビ発生で肺炎不安も…<font color=""blue"">大震災</font>の被災地に疲労色濃く",http://headlines.yahoo.co.jp/hl?a=20150103-00000517-san-soci,san,20150103,,30,," 　東日本大震災から３年９カ月が過ぎたが、被災３県では１１月末現在でいまだ約８万５千人がプレハブ仮設住宅で生活を送る。そもそも災害救助法では、仮設住宅の長期使用は「原則２年間」としか想定されていない。住宅の老朽化も進み、月日とともに増していく人々の疲労を感じた１年だった。
 
 　海から湿った風が流れ、蒸し暑さが続いた今年の夏。狭く気密性が高い仮設住宅では、多くの人が室内にしつこく発生するカビに悩んでいた。宮城県気仙沼市の仮設住宅に住む５０代の女性は、平成２３年８月の入居直後から室内にカビが生え、掃除と布団干しを毎日欠かさなかったという。カビの悪臭で、１部屋に３つずつ脱臭剤を置いていたことも。しかし、同年の冬からせきが止まらなくなり、昨年肺炎と診断され、入院も経験。「カビの掃除で吸い込んでいたのでは」と不安そうに話す。今でもカビや結露、雨漏れに悩まされる日々が続く。
 
 　肌寒さが増してきた今年の秋。福島県南相馬市の仮設住宅を訪ねると、住民の青砥（あおと）宗男さん（８６）が玄関の壁に取り付けた木の板を指さした。「これ、自分で作ったんです」。板は、雨漏りやすきま風を防ぐためのもの。３年以上がたった仮設住宅は劣化が進み、住民自ら修繕などの工夫を施した住宅を多く見た。保温性に乏しい仮設住宅は「朝晩本当に寒い」と１０月下旬にこたつを出し、やがて来る冬に身構える男性もいた。
 
 　宮城県名取市の仮設住宅では、多くの高齢女性が津波の夢を見たり、将来への不安が襲ってきたりして、「いまだ睡眠薬を手放せない」と話していた。同県石巻市の女性（８７）は４畳半一間に１人で暮らし、「家に１人でいるとおかしくなってしまいそう」と漏らす。仮設住宅の物理的な劣化と比例するように、住民の気苦労や不安、疲労も増大している。
 
 　現在仮設住宅に住む多くの人は高齢で、自宅の自力再建は困難だ。建てたばかりの自宅が津波に流され、「もう住めない家のローンが３千万円ほど残って払い続けている」と打ち明けてくれた女性もいる。そのため多くは市町が整備する集合住宅か、戸建て住宅で賃貸の「災害公営住宅」に移ることになるが、完成したのは宮城県でも１１月末時点で１割ほど。用地取得などの遅れから、何年先に入居できるのかがはっきりしていない場所もあり、被災者の不安をあおっている。
 
 　「若く元気な人は抜けていき、高齢者や体調に問題を抱える人が凝縮する」。石巻市包括ケアセンターの長（ちょう）純一所長（４８）に取材した際、これからの仮設住宅が迎える問題をこう表現したのが印象に残っている。自宅を再建できる経済力や働き続けられる体力を持つ若い世代が抜け、仮設住宅団地からも徐々に活気が失われている。仮設住宅に残った人々にとっては暮らしが長期化するほど、焦りばかりが募ってしまう。
 
 　「ぜいたくは言わない。ここまでみんなに支えられて生きてこられただけでありがたい」。そう答え、決して十分とはいえない生活環境の中で、毎日を懸命に生きる被災地の人々の姿を見てきた。人々が１日も早く終のすみかへ移り、来年はより多くの人が新年を暖かな新居で迎えられるよう、復興がさらに進むことを願う。（安藤歩美）",
106,"01/03/2015 21:00:19","01/03/2015 21:00:19","老朽化進む仮設住宅　雨漏り、カビ発生で肺炎不安も…<font color=""blue"">大震災</font>の被災地に疲労色濃く",http://headlines.yahoo.co.jp/hl?a=20150103-00000517-san-soci,san,20150103,,30,," 　東日本大震災から３年９カ月が過ぎたが、被災３県では１１月末現在でいまだ約８万５千人がプレハブ仮設住宅で生活を送る。そもそも災害救助法では、仮設住宅の長期使用は「原則２年間」としか想定されていない。住宅の老朽化も進み、月日とともに増していく人々の疲労を感じた１年だった。
 
 　海から湿った風が流れ、蒸し暑さが続いた今年の夏。狭く気密性が高い仮設住宅では、多くの人が室内にしつこく発生するカビに悩んでいた。宮城県気仙沼市の仮設住宅に住む５０代の女性は、平成２３年８月の入居直後から室内にカビが生え、掃除と布団干しを毎日欠かさなかったという。カビの悪臭で、１部屋に３つずつ脱臭剤を置いていたことも。しかし、同年の冬からせきが止まらなくなり、昨年肺炎と診断され、入院も経験。「カビの掃除で吸い込んでいたのでは」と不安そうに話す。今でもカビや結露、雨漏れに悩まされる日々が続く。
 
 　肌寒さが増してきた今年の秋。福島県南相馬市の仮設住宅を訪ねると、住民の青砥（あおと）宗男さん（８６）が玄関の壁に取り付けた木の板を指さした。「これ、自分で作ったんです」。板は、雨漏りやすきま風を防ぐためのもの。３年以上がたった仮設住宅は劣化が進み、住民自ら修繕などの工夫を施した住宅を多く見た。保温性に乏しい仮設住宅は「朝晩本当に寒い」と１０月下旬にこたつを出し、やがて来る冬に身構える男性もいた。
 
 　宮城県名取市の仮設住宅では、多くの高齢女性が津波の夢を見たり、将来への不安が襲ってきたりして、「いまだ睡眠薬を手放せない」と話していた。同県石巻市の女性（８７）は４畳半一間に１人で暮らし、「家に１人でいるとおかしくなってしまいそう」と漏らす。仮設住宅の物理的な劣化と比例するように、住民の気苦労や不安、疲労も増大している。
 
 　現在仮設住宅に住む多くの人は高齢で、自宅の自力再建は困難だ。建てたばかりの自宅が津波に流され、「もう住めない家のローンが３千万円ほど残って払い続けている」と打ち明けてくれた女性もいる。そのため多くは市町が整備する集合住宅か、戸建て住宅で賃貸の「災害公営住宅」に移ることになるが、完成したのは宮城県でも１１月末時点で１割ほど。用地取得などの遅れから、何年先に入居できるのかがはっきりしていない場所もあり、被災者の不安をあおっている。
 
 　「若く元気な人は抜けていき、高齢者や体調に問題を抱える人が凝縮する」。石巻市包括ケアセンターの長（ちょう）純一所長（４８）に取材した際、これからの仮設住宅が迎える問題をこう表現したのが印象に残っている。自宅を再建できる経済力や働き続けられる体力を持つ若い世代が抜け、仮設住宅団地からも徐々に活気が失われている。仮設住宅に残った人々にとっては暮らしが長期化するほど、焦りばかりが募ってしまう。
 
 　「ぜいたくは言わない。ここまでみんなに支えられて生きてこられただけでありがたい」。そう答え、決して十分とはいえない生活環境の中で、毎日を懸命に生きる被災地の人々の姿を見てきた。人々が１日も早く終のすみかへ移り、来年はより多くの人が新年を暖かな新居で迎えられるよう、復興がさらに進むことを願う。（安藤歩美）",
107,"01/03/2015 21:07:33","01/03/2015 21:07:33","老朽化進む仮設住宅　雨漏り、カビ発生で肺炎不安も…<font color=""blue"">大震災</font>の被災地に疲労色濃く",http://headlines.yahoo.co.jp/hl?a=20150103-00000517-san-soci,san,20150103,,30,," 　東日本大震災から３年９カ月が過ぎたが、被災３県では１１月末現在でいまだ約８万５千人がプレハブ仮設住宅で生活を送る。そもそも災害救助法では、仮設住宅の長期使用は「原則２年間」としか想定されていない。住宅の老朽化も進み、月日とともに増していく人々の疲労を感じた１年だった。
 
 　海から湿った風が流れ、蒸し暑さが続いた今年の夏。狭く気密性が高い仮設住宅では、多くの人が室内にしつこく発生するカビに悩んでいた。宮城県気仙沼市の仮設住宅に住む５０代の女性は、平成２３年８月の入居直後から室内にカビが生え、掃除と布団干しを毎日欠かさなかったという。カビの悪臭で、１部屋に３つずつ脱臭剤を置いていたことも。しかし、同年の冬からせきが止まらなくなり、昨年肺炎と診断され、入院も経験。「カビの掃除で吸い込んでいたのでは」と不安そうに話す。今でもカビや結露、雨漏れに悩まされる日々が続く。
 
 　肌寒さが増してきた今年の秋。福島県南相馬市の仮設住宅を訪ねると、住民の青砥（あおと）宗男さん（８６）が玄関の壁に取り付けた木の板を指さした。「これ、自分で作ったんです」。板は、雨漏りやすきま風を防ぐためのもの。３年以上がたった仮設住宅は劣化が進み、住民自ら修繕などの工夫を施した住宅を多く見た。保温性に乏しい仮設住宅は「朝晩本当に寒い」と１０月下旬にこたつを出し、やがて来る冬に身構える男性もいた。
 
 　宮城県名取市の仮設住宅では、多くの高齢女性が津波の夢を見たり、将来への不安が襲ってきたりして、「いまだ睡眠薬を手放せない」と話していた。同県石巻市の女性（８７）は４畳半一間に１人で暮らし、「家に１人でいるとおかしくなってしまいそう」と漏らす。仮設住宅の物理的な劣化と比例するように、住民の気苦労や不安、疲労も増大している。
 
 　現在仮設住宅に住む多くの人は高齢で、自宅の自力再建は困難だ。建てたばかりの自宅が津波に流され、「もう住めない家のローンが３千万円ほど残って払い続けている」と打ち明けてくれた女性もいる。そのため多くは市町が整備する集合住宅か、戸建て住宅で賃貸の「災害公営住宅」に移ることになるが、完成したのは宮城県でも１１月末時点で１割ほど。用地取得などの遅れから、何年先に入居できるのかがはっきりしていない場所もあり、被災者の不安をあおっている。
 
 　「若く元気な人は抜けていき、高齢者や体調に問題を抱える人が凝縮する」。石巻市包括ケアセンターの長（ちょう）純一所長（４８）に取材した際、これからの仮設住宅が迎える問題をこう表現したのが印象に残っている。自宅を再建できる経済力や働き続けられる体力を持つ若い世代が抜け、仮設住宅団地からも徐々に活気が失われている。仮設住宅に残った人々にとっては暮らしが長期化するほど、焦りばかりが募ってしまう。
 
 　「ぜいたくは言わない。ここまでみんなに支えられて生きてこられただけでありがたい」。そう答え、決して十分とはいえない生活環境の中で、毎日を懸命に生きる被災地の人々の姿を見てきた。人々が１日も早く終のすみかへ移り、来年はより多くの人が新年を暖かな新居で迎えられるよう、復興がさらに進むことを願う。（安藤歩美）",
108,"01/30/2015 15:36:22","01/30/2015 15:36:22","貧困が原因？　患者の自己都合で診療中断が増える　保険医の団体が中間報告、<font color=""blue"">高血圧</font>や糖尿病など目立つ",http://headlines.yahoo.co.jp/hl?a=20150130-00000000-jct-soci,jct,20150130,,8,," 　アベノミクスで景気回復が叫ばれているものの、医療現場では貧困のためと思われる受診抑制が目立っている。とくに歯科では親の理解不足が加わり、子どもたちの歯が心配だ――有力な医療団体の1つ、全国保険医団体連合会（保団連）は2015年1月15日、東京で開いた今年初めてのマスコミ懇談会で訴えた。
 
 ■検診で「要治療」なのに歯科に行かない
 
 　安田雅章・大阪府保険医協会副理事長は昨年12月から今年1月末まで実施予定中の調査の中間報告を明らかにした。「この半年間に何らかの理由での治療中断があったか」の質問に、医科・歯科1115診療所の78％（医科63％、歯科89％）が「あった」と答えた。医科は「薬が切れているはずなのに受診に来ない」（66％）、歯科は「痛みがとれたら受診に来ない」(71％) 状況だ。はっきりと「医療費負担を理由に検査や治療、薬を断られた」のも35％（医科45％、歯科28％）あった。医科で中断した患者病名は高血圧症、糖尿病、脂質異常症、精神疾患の順だった。
 
 　医科と歯科の差は少なかったが、「生活保護患者の受診が増えた」診療所は44％で、51％に「患者負担の未収金があった」。
 
 　また、宮城県、長野県、大阪府で2013年、14年に調査した学校歯科検診の内容も公表された。学校検診で歯科医が「要治療」と診断した小学生が実際に受診した率は、宮城50％、長野57％、大阪48％で、中学生はさらに低く、宮城34％、長野38％、大阪30％だった。虫歯が10本以上あったり、根しか残っていない未治療の歯がある「口腔崩壊」の児童・生徒がいると答えた養護教諭は宮城、大阪で半数以上、長野で半数弱にのぼっていた。
 
 　宮城県保険医協会によると、子どもが受診しない理由は（1）親の歯科保健意識が低い（2）片親や共働きで手が回らないなど家庭の事情（3）本人が嫌がる、が経済的な理由を上回っていた。保団連では、親の意識向上が不可欠としながらも、虫歯が少ない子どもはずっとよい状態を保てる可能性が高いことから、受診しやすいよう子どもの医療費助成制度を広げるよう運動していく方針という。
 
 （医療ジャーナリスト・田辺功）",
109,"01/30/2015 15:36:23","01/30/2015 15:36:23","＜<font color=""blue"">原爆症</font>＞却下の４人認定　新基準で４例目　大阪地裁判決",http://headlines.yahoo.co.jp/hl?a=20150130-00000047-mai-soci,mai,20150130,,8,," 　原爆症の認定申請を却下された兵庫県と京都府の被爆者７人（１人は死亡）が、国の却下処分の取り消しなどを求めた訴訟の判決で、大阪地裁は３０日、４人の処分を取り消し、原爆症と認めた。西田隆裕裁判長は、認定要件を緩和した昨年１月導入の新基準について「放射線の影響が過小評価となっている疑いがある」と述べた。
 
 　新基準で却下された被爆者について、原爆症と認定した司法判断は４例目。
 
 　７人は広島、長崎で被爆した７０〜８０代の男女。放射線の影響で甲状腺機能低下症や狭心症を患ったとして、２００７年以降に認定申請したが却下された。昨年１月以降の新基準による再審査でも認められなかった。
 
 　判決は、認定について「被爆状況や症状に照らして検討すべきだ」と指摘し、甲状腺機能低下症の４人は放射線が疾病の原因と判断した。狭心症や心筋梗塞（こうそく）の２人は症状が持病によるものとし、ケロイドを患う１人は医療が必要でないとして退け、全員の国家賠償請求も棄却した。
 
 　判決後、原爆症と認められた原告の川上博夫さん（８１）＝兵庫県加東市＝は「被爆から７０年でやっと認められた。だが、国が控訴しないと言うまでは安心できない」と話した。【堀江拓哉】",
110,"01/30/2015 15:36:24","01/30/2015 15:36:24","患者累計1000万人超＝インフル、流行続く―<font color=""blue"">感染</font>研",http://headlines.yahoo.co.jp/hl?a=20150130-00000068-jij-soci,jij,20150130,,8,," 　国立感染症研究所は30日、全国の医療機関を受診したインフルエンザ患者が、25日までの1週間に推計で約192万人に上ったと発表した。前週より約9万人減ったが、累計では約1017万人となり、今季初めて1000万人を超えた。
 　定点報告を受けている全国約5000の医療機関の1週間の患者数は平均39．42人と、前週より2人以上増え、警報レベルの30人を3週連続で超えた。都道府県別で患者数が多いのは、宮崎（86．05人）、鹿児島（78．59人）、山口（75．12人）、熊本（71．68人）、大分（71．57人）など。　",
111,"01/30/2015 15:36:28","01/30/2015 15:36:28","<font color=""blue"">原爆症</font>新たに４人認定　大阪地裁　新基準で４例目",http://headlines.yahoo.co.jp/hl?a=20150130-00000124-san-soci,san,20150130,,8,," 　原爆症の認定申請を却下された京都、兵庫両府県の被爆者ら７人が、国に処分の取り消しなどを求めた訴訟の判決が３０日、大阪地裁であり、西田隆裕裁判長は４人を原爆症と認定し、処分を取り消した。１人当たり３００万円の国家賠償請求は棄却した。
 
 　原告側弁護団によると、平成２５年１２月に認定要件が緩和された新基準でも原爆症とされていなかった。新基準外の被爆者を救済する司法判断は４例目という。
 
 　原告は、７０〜８１歳の男女６人と、提訴後に亡くなった男性＝当時（８２）＝の遺族。０〜１４歳のときに被爆し、放射線の影響で甲状腺機能低下症や狭心症などを患ったとして１９〜２１年に認定申請したが、いずれも却下された。
 
 　西田裁判長は判決理由で「新基準の下での審査は被曝（ひばく）量を過小評価している疑いがあり、症状に照らして被爆の可能性を十分検討する必要がある」と指摘。４人の甲状腺機能低下症は放射線が原因で発症したとし、却下処分を「違法」とした。一方、残る３人が患った狭心症や心筋梗塞、ケロイドなどの疾病は、放射線起因性や医療の必要性が認められないとし、請求を退けた。
 
 　厚生労働省は「今後の対応は関係省庁と協議して決める」としている。",
112,"01/30/2015 15:41:36","01/30/2015 15:41:36","茉莉子さん虐待「死の危険認識」　尼崎連続変死<font color=""blue"">公判</font>で検察",http://headlines.yahoo.co.jp/hl?a=20150130-00000126-san-soci,san,20150130,,14,," 　兵庫県尼崎市の連続変死・行方不明事件で、男女５人への殺人、逮捕監禁などの罪に問われた角田（すみだ）美代子元被告＝自殺、当時（６４）＝の次男、優太郎被告（２８）の裁判員裁判が３０日、神戸地裁（増田耕兒（こうじ）裁判長）で開かれ、同市の民家床下から仲島茉莉子（まりこ）さん＝当時（２６）＝が遺体で見つかった事件の論告と弁論が行われた。
 
 　検察側は、美代子元被告らが、茉莉子さんを約５カ月間物置に監禁し、「暴力に加え、食事を１日１回、睡眠を１日３〜４時間に制限されていた」として死の危険があると認識した上で衰弱死させたと指摘。「優太郎被告は物置内のカメラで茉莉子さんを監視し、美代子元被告の虐待を受け入れていた」と述べた。
 
 　弁護側は、優太郎被告はカメラを見たことはあるが目についただけで、監視が目的ではなかったと主張。元被告との共謀はなかったと訴えた。",
113,"01/30/2015 15:41:39","01/30/2015 15:41:39",南海観光特急　三色「こうや」、優雅にＧＯ　１２００年大法会に合わせ新装,http://headlines.yahoo.co.jp/hl?a=20150130-00000121-san-soci,san,20150130,,14,," 　大阪・難波と高野山（和歌山県）を結ぶ南海電鉄の観光特急「こうや」が３月から、赤、黒、紫に塗り替えられることになった。４月２日〜５月２１日に営まれる「高野山開創１２００年記念大法会」に合わせ、外観デザインを変更。平成２８年２月まで装いも新たに特別仕様で運行する。
 
 　特別仕様のこうやは、朱塗りの高野山根本大塔などをイメージした「赤こうや」と、金の装飾を施した蒔絵（まきえ）をイメージさせる「黒こうや」、高徳僧のけさの色を思わせる「紫こうや」の３編成。いずれも４両編成で、１両ごとに春夏秋冬をテーマにした絵柄が施され、４両で「高野山の四季」を表現するという。
 
 　車内通路や座席のヘッドカバーも特別にデザインされ、絢爛（けんらん）優雅な内装となる。南海電鉄の担当者は「高野山へは、特別仕様の特急こうやで優雅に行こうや」とアピールしている。",
114,"01/30/2015 15:41:41","01/30/2015 15:41:41",＜土砂違法採取＞名取の業者、西村副大臣に献金,http://headlines.yahoo.co.jp/hl?a=20150130-00000010-khks-soci,khks,20150130,,14,," 　◎事件発覚後に返金

【写真特集】違法採取現場と周辺の状況",
115,"01/30/2015 15:41:43","01/30/2015 15:41:43","空き巣<font color=""blue"">容疑者</font>、育児世帯に気遣い？「苦しいやろうから」",http://headlines.yahoo.co.jp/hl?a=20150130-00000026-asahi-soci,asahi,20150130,,14,," 　「子育て世帯は生活が苦しいやろうから忍びない」
 
 　こんな理由で高齢者の家を狙って空き巣を繰り返していたとして、大阪府警は２９日、２人の容疑者を窃盗と住居侵入の疑いで逮捕・送検し、捜査を終えたと発表した。
 
 　送検されたのは、大阪府豊中市千里園２丁目の内装業、尾崎高雄（３９）と同市北緑丘１丁目の内装業手伝い、小熊裕二（４０）の両容疑者。捜査３課によると、２人は古い一戸建て住宅に狙いを定め、カメラ付きインターホンや子ども用自転車、三輪車がないことを確認し、高齢者が住んでいると判断していたという。
 
 　同課が豊中市や箕面市など大阪府北部を中心に４０件約３千万円相当の被害を裏付けたところ、３１件の世帯主は６０歳以上だった。尾崎容疑者は未就学児２人の父親で、「内装業の仕事が減り金に困っていた」と供述しているという。
 
 　２人の逮捕容疑は昨年７月１６日、兵庫県尼崎市の男性（８２）宅に台所の窓を割って侵入し現金４万円やキャッシュカードなどを盗んだ疑い。６件の窃盗・住居侵入罪で起訴され公判中。",
116,"02/06/2015 08:23:48","02/06/2015 08:23:48","ＥＣＢ、ギリシャ銀行への緊急支援595億<font color=""blue"">ユーロ</font>を認める方針",http://headlines.yahoo.co.jp/hl?a=20150206-00000014-bloom_st-bus_all,bloom_st,20150206,,16,," 　　（ブルームバーグ）：欧州中央銀行（ＥＣＢ）はギリシャ中央銀行に対し、最大595億ユーロ（約８兆320億円）の緊急資金を国内銀行に供与することを認める方針だと、この決定に詳しいユーロ圏中央銀行当局者が５日明らかにした。 ＥＣＢは前日、ギリシャ新政権が救済プログラムに基づく改革を実行しない可能性が高まったとして、ギリシャ市中銀行に認めていた資金調達のための特例措置を解除した。これを受けて５日の市場でギリシャの株式と債券は下落した。 匿名を条件に話したこの当局者によると、ＥＣＢは通常の資金調達の代わりに500億ユーロの緊急流動性支援（ＥＬＡ）を認め、これに95億ユーロを上乗せすることを承認した。 ＥＣＢの報道官はコメントを控えた。ドイツ紙のウェルトはこれより先、ＥＣＢはギリシャ中央銀行に対し、約600億ユーロのＥＬＡを認める方針だと報じていた。 原題：ECB Said to Allow Greek Banks 59.5 Billion Euros Emergency
 Cash（抜粋） 記事に関する記者への問い合わせ先：フランクフルト Alessandro Speciale 
 ;アテネ Nikos Chrysoloras  ,aspeciale@bloomberg.net,nchrysoloras@bloomberg.net 記事についてのエディターへの問い合わせ先：
 Fergal O’Brien 
 Paul Gordon, Jana Randow ,fobrien@bloomberg.net",
117,"02/06/2015 08:24:18","02/06/2015 08:24:18",米ラジオシャック、連邦破産法の適用申請－赤字拡大で,http://headlines.yahoo.co.jp/hl?a=20150206-00000020-bloom_st-bus_all,bloom_st,20150206,,31,," 　　（ブルームバーグ）：米家電チェーン、ラジオシャックは５日、連邦破産法の適用を申請した。同社は大規模小売店やオンライン業者との競争を勝ち抜くことができなかった。 原題：RadioShack Files for Bankruptcy Protection as Losses Mount
 （抜粋） 記事に関する記者への問い合わせ先：
 Wilmington, Delaware Steven Church 
  ,schurch3@bloomberg.net 記事についてのエディターへの問い合わせ先：
 Michael Hytha  ,mhytha@bloomberg.net",
118,"02/06/2015 08:27:09","02/06/2015 08:27:09",ギリシャとの意見相違を埋められず＝ショイブレ独財務相,http://headlines.yahoo.co.jp/hl?a=20150206-00000034-reut-bus_all,reut,20150206,,16,," ［ベルリン　５日　ロイター］ - ドイツのショイブレ財務相は５日、ギリシャの債務再交渉や緊縮政策の中止をめぐる同国との協議で、意見の相違を埋められなかったことを明らかにした。ドイツ公共放送ＡＲＤとのインタビューで述べた。
 
 ショイブレ財務相はこの日、ベルリンでギリシャのバルファキス財務相と初めて会談。ショイブレ氏は「双方とも友好的で礼儀正しい対応をした。バルファキス氏はこれまでにも繰り返し表明していた見解を示した。私はわれわれの見解について説明したが、溝を埋めることができなかった」と述べた。
 
 ショイブレ財務相は、ギリシャがすでに大きく前進したとの見方を示しつつ、チプラス新政権はこれまでの進展を無駄にすべきではないと主張。「ギリシャは成長路線に戻った。２年前にわれわれが予想した状態より良好だが、危機を脱したというわけではない」と述べ、「ここでギリシャがすべてを投げ出してしまえば、この数年間で達成した基礎を破壊することになるだろう」と警告した。",
119,"02/06/2015 08:28:01","02/06/2015 08:28:01","<font color=""blue"">米国債</font>：下落、焦点はギリシャ懸念から米労働市場にシフト",http://headlines.yahoo.co.jp/hl?a=20150206-00000021-bloom_st-bus_all,bloom_st,20150206,,26,," 　　（ブルームバーグ）：５日の米国債は下落。過去４営業日で３日目の下げ相場となった。反緊縮を掲げるギリシャ新政府と欧州首脳らとの対立から、堅調な米労働市場へと投資家の関心が移った。",
120,"02/06/2015 08:30:17","02/06/2015 08:30:17","<font color=""blue"">米国債</font>：下落、焦点はギリシャ懸念から米労働市場にシフト",http://headlines.yahoo.co.jp/hl?a=20150206-00000021-bloom_st-bus_all,bloom_st,20150206,,26,," 　　（ブルームバーグ）：５日の米国債は下落。過去４営業日で３日目の下げ相場となった。反緊縮を掲げるギリシャ新政府と欧州首脳らとの対立から、堅調な米労働市場へと投資家の関心が移った。",
121,"02/06/2015 08:30:35","02/06/2015 08:30:35","<font color=""blue"">米国債</font>：下落、焦点はギリシャ懸念から米労働市場にシフト",http://headlines.yahoo.co.jp/hl?a=20150206-00000021-bloom_st-bus_all,bloom_st,20150206,,26,," 　　（ブルームバーグ）：５日の米国債は下落。過去４営業日で３日目の下げ相場となった。反緊縮を掲げるギリシャ新政府と欧州首脳らとの対立から、堅調な米労働市場へと投資家の関心が移った。 ギリシャ救済プログラムをめぐる欧州内の摩擦と原油価格の変動を背景に、今週の米国債相場は方向性の定まらない値動きとなっている。米労働省は６日、先月の雇用統計を発表する。市場では12カ月連続で20万人超の雇用増が見込まれている。 ウィリアムズ・キャピタル・グループの債券トレーディング責任者、デービッド・コード氏は「重要な経済統計の発表を控えてのリスク管理だ」と指摘。「米国債の利回りは景気の強さを実際に反映していないとの認識が市場の一部にある。その景気の強さが６日の雇用統計で示された場合、米国債は売られやすくなる可能性がある」と続けた。 ブルームバーグ・ボンド・トレーダーによれば、ニューヨーク時間午後５時現在、10年債利回りは７ベーシスポイント （ｂｐ、１ｂｐ＝0.01％）上げて1.82％。同年債価格（表面利率2.25％、償還期限2024年11月）は5/8下げて103 26/32。 米国債のボラティリティ 米国債のボラティリティを測るバンク・オブ・アメリカ（ＢＯＡ）メリルリンチのＭＯＶＥ指数は92.95と、昨年10月15日以来の高水準をつけた。2014年の平均値は62.04だった。 前日は米国債利回りが低下。欧州中央銀行（ＥＣＢ）がギリシャ金融システムへの融資を制限し、新政権に緊縮条件を受け入れるよう強く求めたことが背景だ。 ＣＩＢＣワールド・マーケッツのマネジングディレクター兼米国債トレーディング責任者、トーマス・トゥッチ氏（ニューヨーク在勤）は「前日は恐怖に基づく米国債買いが入った」と述べ、「相場の水準が高過ぎた。懸念の一部は緩和されている」と続けた。 米労働省が発表した先週の新規失業保険申請件数（季節調整済み）は27万8000件。ブルームバーグ・ニュース がまとめたエコノミスト予想中央値は29万件だった。",
122,"02/08/2015 10:14:16","02/08/2015 10:14:16","増え続ける世界の糖尿病人口。2035年には5億9,190万に",http://headlines.yahoo.co.jp/hl?a=20150207-00000057-economic-bus_all,economic,20150207,,-5,," 　近年、「生活習慣病」という言葉を耳にする機会が多くなった。生活習慣病とは文字通り、食事や運動、休養、喫煙、飲酒等の生活習慣の乱れが発症の原因と考えられる疾患の総称で、糖尿病や高血圧、脂質異常症、肥満などが代表的だが、その中でもとくに世界的に問題となっているのが糖尿病だ。
 
 　糖尿病患者は今、世界中で爆発的に増え続けている。国際糖尿病連合(IDF)がまとめた「糖尿病アトラス 第6版 2014 UPDATE」によると、世界の糖尿病人口は2014年現在で3億8,670万人。有効な対策を施さないでこのまま推移すると、2035年には5億9,190万人にまで増加すると予測されている。
 
 　同調査によると、世界で最も糖尿病患者の多いのは中国の9,629万人で、次いでインドが6,685万人、3番はアメリカの2,578万人となっている。日本は721万人で10番目にランクインしている。しかも、2013年に総務省が発表した推計値によると、糖尿病が強く疑われる日本人は過去最多の950万人。糖尿病予備群は前回調査よりも減少しているものの1100万人となっており、このままではワースト上位にランキングしかねない勢いだ。
 
 　糖尿病の増加には様々な原因が考えられるが、理由の一つとして、初期にはほとんど自覚症状がないということも挙げられるのではないだろうか。たとえ糖尿病と診断されても、初期段階であるならば、食事療法や運動療法、薬物療法などで適切に血糖値をコントロールすることで健康な人と大差ない生活を送ることができる。しかし、自覚症状がないものだから放置してしまう人が多い。深刻化すると、網膜症を患って視力の低下や失明を起こしたり、腎症を患って人工透析治療を余儀なくされたり、その他にも神経障害やえそ壊疽による足の切断など、恐ろしい合併症に襲われるが、後悔先に立たずだ。
 
 　糖尿病は、一度発症すると現在の医療では完治させる治療法がない。だからこそ、発症前の予防、少なくとも発症初期段階での対応が、その後の生活の質、大げさに言えば人生そのものを左右する。
 
 　糖尿病を防ぐには、食事や運動、睡眠など生活習慣を整えることが大事だが、とくに毎日口に入れる食品には気を配りたいところだ。過食や脂肪の過剰摂取を控え、質、量ともにバランスのとれた食事をとることは、何よりも糖尿病予防になるだろう。
 
 　また、近年のサプリメントブームも相まって、ハチミツ由来のプロポリスなどを服用することで、普段から糖尿病予防を心がける人も増えているようだ。プロポリスは、ミツバチが木の芽樹脂や新芽などからつくりだすもので、花粉やミツバチの分泌物である唾液なども含まれている。古代より珍重されてきたもので、プロポリスは桂皮酸誘導体、フラボノイドをはじめ、各種ビタミン類、ミネラルなどの有用成分を含んでおり、高い健康効果が知られているが、その一つに血糖上昇抑制作用がある。
 
 　この作用は、プロポリスやローヤルゼリー等のミツバチ産品を製造・販売する株式会社山田養蜂場が2004年に世界で初めて、九州大学大学院農学研究院への助成研究によって確認した。この時、有効成分であるトリカフェオイルキナ酸が発見され、これが強い抗高血糖作用をもつことも、世界で初めて明らかにされている。
 
 　糖尿病は今や、国民病だ。患者が多いということは、数ある病気の中でもそれだけ罹りやすいということでもあるから、まだ発症していない人でも、決して他人ごとと安心してはいられない。普段からの予防、そして万が一罹患した際にも重症化しないように心掛けたいものだ。（編集担当：藤原伊織）",
123,"02/08/2015 10:14:58","02/08/2015 10:14:58","墜落事故起こした<font color=""blue"">台湾</font>の復興航空を調査-安全規制違反の疑いで",http://headlines.yahoo.co.jp/hl?a=20150207-00000017-bloom_st-bus_all,bloom_st,20150207,,32,," 　　（ブルームバーグ）：台湾の航空当局は、４日に墜落した復興航空（トランスアジア航空）機の操縦士が、飛行前の点検時間を増やすことを義務ける新たな安全規制に違反したかどうかを調査している。 この規則では駐機に最低限必要な時間が設定されている。昨年７月にも澎湖諸島で墜落事故を起こした復興航空と同社の機体「ＡＴＲ−７２」に特に適用するために先月導入された。民用航空局の航空基準担当幹部、クラーク・リン氏が６日、ブルームバーグ・ニュースに明らかにした。 リン氏は「操縦士が十分に時間を取れるように最低30分の時間が設定されている」と説明した。 この機体は台北付近で事故を起こす前に既に金門−台湾間を往復していた。機体記録を検証すると、台北に折り返す前に金門で20分しか駐機時間を取らなかった可能性がある。 原題：TransAsia Probed for Possible Breach of New Safety
 Regulations（抜粋） 記事に関する記者への問い合わせ先：台北 Tim Culpan ;台北 Clement Tan  ,tculpan1@bloomberg.net,ctan297@bloomberg.net 記事についてのエディターへの問い合わせ先：
 Anand Krishnamoorthy ;
 Stanley James 
 Amit Prakash, Garry Smith ,anandk@bloomberg.net,sjames8@bloomberg.net",
124,"02/08/2015 10:15:23","02/08/2015 10:15:23",「イスラム国」、米国人人質が空爆で死亡と主張－米は反論,http://headlines.yahoo.co.jp/hl?a=20150207-00000014-bloom_st-bus_all,bloom_st,20150207,,31,," 　　（ブルームバーグ）：過激派武装組織「イスラム国」によると、シリアにある同組織の主要拠点に対する空爆で米国人女性の人質が死亡した。 イスラム国がソーシャルメディアに掲載した資料によると、シリアの都市ラッカでこの女性が拘束されていた建物をヨルダン機が空爆し、女性は死亡した。このソーシャルメディアは過激派組織を分析するＳＩＴＥがモニターしている。 これまで人質の動画を流してきたイスラム国だが、破壊された建物の写真以外に女性の死亡を示す証拠を示していない。 ホワイトハウスのリック・シュルツ報道官は空爆で米国人が殺害されたという「主張を裏付ける情報は今のところ何もない」と、大統領専用機「エアフォースワン」でオバマ大統領に同行している記者団に語った。 米政府は家族の要望でこの女性の名前を明らかにしていないが、イスラム国によると、ケイラ・ミューラーさん。 原題：Islamic State Says U.S. Female Hostage Killed in Airstrike
 (1)（抜粋） 記事に関する記者への問い合わせ先：ワシントン Zaid Sabah ;ワシントン Terry Atlas  ,zalhamid@bloomberg.net,tatlas@bloomberg.net 記事についてのエディターへの問い合わせ先：
 Alaa Shahine ;
 John Walcott 
 Ben Holland, Larry Liebert ,asalha@bloomberg.net,jwalcott9@bloomberg.net",
125,"02/17/2015 09:39:22","02/17/2015 09:39:22","ＧＤＰ、<font color=""blue"">増税</font>後初のプラス　１０～１２月期年　２．２％増、予想下回る",http://headlines.yahoo.co.jp/hl?a=20150217-00000071-san-bus_all,san,20150217,,19,," 　内閣府が１６日発表した平成２６年１０〜１２月期の国内総生産（ＧＤＰ、季節調整済み）の速報値は、物価変動の影響を除いた実質で前期比０・６％増、このペースが１年間続くと仮定した年率換算で２・２％増と３四半期ぶりのプラス成長となった。２６年４月の消費税増税以降、プラス成長は初めて。事前のエコノミスト予測は３％台後半との見方が多く、７〜９月期に続き、市場の予想を下回った。
 
 　項目別では、ＧＤＰの約６割を占める個人消費が前期比０・３％増と２四半期連続のプラスだが、伸びは小幅だった。品目別では携帯電話やパソコン、飲料品などが伸びた。
 
 　輸出は電子部品や石油製品などが増えたことで２・７％増と大きく伸び、２四半期連続のプラス。輸入は１・３％増だった。設備投資は、ソフトウエアなどが伸びて０・１％増となり３四半期ぶりに増加した。
 
 　公共投資は０・６％増で３四半期連続で増加した。一方、増税の影響が長引いていた住宅投資は１・２％減で３四半期連続のマイナスだった。
 
 　甘利明経済再生担当相は記者会見で「過去最高水準の企業収益を、賃金上昇につなげることが重要だ」と述べた。
 
 　同時に発表した２６年の年間ＧＤＰ成長率は実質が前年比０・０４％増、名目が１・７％増だった。デフレの象徴とされる、名目成長率が実質を下回る「名実逆転」状態は１７年ぶりに解消された。
 
 　また、総合的な物価動向を示すＧＤＰデフレーターは前年比プラス１・６％で１７年ぶりのプラスとなった。",
126,"03/30/2015 08:59:35","03/30/2015 08:59:35","ジャヌビアなど重い副作用に「血小板減少」－<font color=""blue"">厚労省</font>、添付文書改訂の周知を要望",http://headlines.yahoo.co.jp/hl?a=20150329-00000000-cbn-soci,cbn,20150329,,8,," 　厚生労働省は日本製薬団体連合会に対し、2型糖尿病治療薬シタグリプチンリン酸塩水和物(製品名ジャヌビア、グラクティブ)など医療用医薬品6成分について、製造販売業者に添付文書改訂の周知を求める通知を出した。同薬に関しては、「血小板減少があらわれることがある」とし、「重大な副作用」に追記する必要があるとした。【松村秀士】
 
 　PMDA(医薬品医療機器総合機構)によると、直近の 3か年度で同薬の投与による血小板減少関連症例が6例確認され、このうち同薬との因果関係が否定できない症例が2例あった。
 
 　このほか、厚労省が重大な副作用への追記を指示したのは、▽ドライアイ治療薬レバミピド〔点眼剤〕(ムコスタ)に「涙道閉塞、涙嚢炎」▽副腎皮質ホルモン剤のトリアムシノロンアセトニド〔筋注用・皮内用・関節腔内用注射剤〕(ケナコルト)に「腱断裂」▽抗悪性腫瘍剤シクロホスファミド水和物(エンドキサン)に「横紋筋融解症」▽悪性軟部腫瘍の治療薬パゾパニブ塩酸塩(ヴォトリエント)に「網膜剥離」▽抗悪性腫瘍剤パニツムマブ〔遺伝子組み換え〕(ベクティビックス)に「皮膚粘膜眼症候群」―。
 
 　いずれの医薬品についても、観察を十分に行って異常を認めた場合は投与を中止し、適切な処置を行うことも付け加えるべきだとした。",
127,"04/04/2015 08:59:36","04/04/2015 08:59:36","薬５０種「高齢者には中止考えて」　厚労省、<font color=""blue"">医療</font>者向け",http://headlines.yahoo.co.jp/hl?a=20150404-00000011-asahi-soci,asahi,20150404,,8,," 　高齢者に出やすい副作用を防ごうと、日本老年医学会は、医療者向けの「高齢者の安全な薬物療法ガイドライン（指針）」を１０年ぶりに見直す。中止を考えるべき医薬品約５０種類を挙げ、やむを得ず使う場合の方法も盛り込んだ案をまとめた。学会のウェブサイトにリストなどを公表、意見を求めて６月までに正式決定する。
 
 　高齢者は複数の病気を抱え、いろいろな薬を飲み続けている人が多い。加齢に伴って、薬の成分を体外に出す腎臓や肝臓の機能が弱まっている場合もある。
 
 　新しい指針案では、中止を考えるべき薬を「ストップ」という一覧表で紹介。代表的な商品名、対象となる患者、主な副作用などを記した。中止できない場合に推奨される使用法や、かわりとなる薬の使用法を新たに加筆した。
 
 　ストップに載せた薬は、特に副作用の出やすい７５歳以上の人などを対象に、１カ月以上の使用を中心に想定して選んだ。医師による処方薬だけでなく、睡眠改善薬や胃腸薬の中には市販薬も含まれている。
 
 　例えば、「抗精神病薬全般」では、認知症の人には「脳血管障害と死亡率の上昇」を理由に「可能な限り使用を控える」と記載。胃腸薬のＨ２ブロッカー薬は、すべての高齢者を対象に「認知機能の低下、せん妄のリスク」を指摘し、「可能な限り使用を控える」とした。
 
 　また今回は、使用を強く勧める「スタート」という一覧表を新設し、約２０種類を載せた。医療現場であまり使われていないものの、使った方がよいと思われる薬について、推奨される使用法や注意点を説明している。例えば、漢方薬の「抑肝散（よくかんさん）」では、興奮など認知症に伴う行動・心理症状を改善するとしたうえで、「低カリウム血症に注意する」などとした。
 
 　老年医学会が初めて指針を出したのは２００５年。その後、新しい薬が出たり、各学会で治療指針が見直されたりしたため、厚生労働省の研究班と老年医学会の作業班で改訂作業に入った。今回の案は、２千本を超す国内外の論文をもとにまとめた。高齢者の病気に関連する１５学会などにもチェックを依頼した。
 
 　厚労省研究班の研究者代表である秋下雅弘東京大教授（老年病科）は「医師や薬剤師だけでなく、一般の人も自身や家族の薬について知ることができ、医師との話し合いの時に役立つだろう。ただ、『ストップ』に載っているからと自己判断で中止すると、悪化する場合もあるので、主治医に相談してほしい」と話している。
 
 　リストなどが載った指針案は老年医学会のサイト（http://www.jpn-geriat-soc.or.jp/）で見ることができる。（寺崎省子）",
128,"04/04/2015 08:59:38","04/04/2015 08:59:38","年金・医療・<font color=""blue"">介護</font>関連３法案を閣議決定",http://headlines.yahoo.co.jp/hl?a=20150403-00000566-san-soci,san,20150403,,8,," 　政府は３日、年金や医療、介護関連の３法案を閣議決定した。年金制度の関連法改正案は、自営業者らが対象の「個人型確定拠出年金」の対象者を拡大し、主婦や公務員を含め年金加入者なら誰でも入れるようにした。国民年金の目減りに備え、企業年金などを拡充して老後の生活資金を補うことが狙いだ。年間の掛け金上限額は主婦が２７万６千円、公務員が１４万４千円とした。
 
 　社会福祉法改正案は法人が抱える内部留保から建物修繕費など事業継続に必要な財産を除いた「余剰分」を地域貢献活動などに充てるよう義務付けた。一部の法人で多額の内部留保をため込んでいると指摘されているためだ。
 
 　医療法改正案は同一地域の医療法人などをグループ化し、ばらつきのある病床を再編したり、職員を再配置したりできるようにした。",
129,"04/04/2015 08:59:42","04/04/2015 08:59:42","デング熱など予防指針、今月下旬にも告示へ－<font color=""blue"">厚労省</font>、対応の手引公表も",http://headlines.yahoo.co.jp/hl?a=20150403-00000003-cbn-soci,cbn,20150403,,8,," 　厚生労働省は、蚊媒介感染症に関する小委員会が取りまとめたデング熱などの予防指針案について、今月下旬をめどに公示・適用する方針を決めた。2月から3月にかけて実施したパブリックコメントの意見などを踏まえ、指針を策定しているという。【新井哉】
 
 　昨年8月に国内でデング熱に感染した患者が約70年ぶりに報告されたことを踏まえて小委員会がまとめた指針案では、指針に定める疾病として、▽デング熱▽ウエストナイル熱▽日本脳炎▽マラリア▽チクングニア熱▽野兎病▽黄熱―などの蚊媒介感染症を提示。また、デング熱の患者の血液中に病原体が多く含まれることから、蚊を媒介して感染拡大のリスクがある期間の献血を避けるといった対応も求めている。
 
 　厚労省は指針の告示・適用に合わせ、デング熱への対応などを盛り込んだ手引も公表する見通し。",
130,"04/05/2015 08:38:23","04/05/2015 08:38:23","<font color=""blue"">トヨタ</font>、あえて中国へ工場新設　他社注視",http://headlines.yahoo.co.jp/hl?a=20150404-00000075-san-bus_all,san,20150404,3,15,," 　トヨタ自動車は中国で工場の新設に踏み切る見通しだが、日本企業の中には中国から撤退したり、国内に生産を移管したりする動きが出ている。人件費の高騰や円安の加速に加え、カントリーリスクも根強いためだ。日本最大の製造業であるトヨタの動きは、関連産業に影響を及ぼす可能性がある。電機メーカー幹部は「新設を正式に決めるかどうかを含め（判断を）注視している」と話す。
 
 　トヨタが現地に工場を建設すれば、取引先の部品メーカーなども工場新設や能力増強などの対応を迫られる。国内部品大手は「中国が世界一の市場であることは事実。仕事が見込めれば進出する可能性はある」と打ち明ける。
 
 　ただ、リスクは少なくない。３月に現地のテレビ局が日産自動車の現地合弁会社やＶＷなど外資系メーカーの代理店の顧客対応を問題視し、各社は火消しに追われた。日本政府による尖閣諸島（沖縄県石垣市）の国有化以降、反日感情は依然根強い。
 
 　人件費などの上昇で生産拠点としての魅力も薄まっており、昨年の日本から中国への直接投資実行額は前年比３８・８％減と２年連続でマイナスとなった。自動車販売についても値引き競争が激しく、日系メーカーからは「これまでのように利益をあげられない」（大手幹部）との声も漏れる。",
131,"04/05/2015 09:03:41","04/05/2015 09:03:41",トヨタ、体質改善めど　いざ攻勢,http://headlines.yahoo.co.jp/hl?a=20150404-00000074-san-bus_all,san,20150404,3,15,," 　トヨタ自動車が中国とメキシコでの新工場建設に乗り出す背景には、生産改革などによる体質強化が進んだことがある。ライバルのＶＷが中国での生産増強などでトヨタ超えを鮮明にする中、トヨタも攻めの姿勢にかじを切る。
 
 　「２００５年ごろは年に２つから４つの新工場を建て、生産が５０万から６０万台増えていた。結果的に過剰能力を抱えてしまった」
 
 　トヨタ幹部はリーマン・ショック後に赤字に転落した当時を振り返る。世界的な販売低迷に加え、工場の固定費がかさんだことで、０９年３月期は４６１０億円の営業赤字となった。
 
 　０９〜１０年には大規模リコール（回収・無償修理）問題も発生。品質への信頼も揺らぐ中、豊田章男社長は拡大路線と決別。１３年４月から工場新設を凍結し、「意志ある踊り場」（豊田社長）として、体質改善を優先してきた。
 
 　投資の効率化や既存設備を最大限活用した結果、０９年に７割だったグローバルの工場稼働率は９割超に向上。１５年３月期に過去最高の営業利益２兆７千億円を見込む原動力となった。
 
 　生産技術についても設備の小型化や簡素化を進め、新たに工場を建設する場合の初期投資は「０８年に比べて４割減らせる」（幹部）めどが立つなど、凍結解除は「時間の問題」（豊田社長）となっていた。
 
 　中国の昨年の新車販売台数は２３４９万台で、前年比６・９％の成長を維持した。ただ、早くから現地生産に乗り出し、中国専用車などが支持されているＶＷは２７６万台を販売。トヨタは半分以下の１０３万台にとどまり、能力増強は待ったなしの状況だ。
 
 　ＶＷは１４年のグループ世界販売が１０１４万台となり、トヨタ（１０２３万台）に肉薄している。中国では１９年までに生産能力を５００万台規模に引き上げる計画で、トヨタが先行する北米でも切り崩しを狙う。
 
 　工場新設に踏み出すトヨタ。かつての拡大路線とは一線を画す“質”を伴った成長を実現できるかが、改めて問われることになる。",
132,"04/05/2015 09:21:03","04/05/2015 09:21:03",半年ぶり皆既月食＝北海道や東北で観察会,http://headlines.yahoo.co.jp/hl?a=20150404-00000089-jij-soci,jij,20150404,2,22,," 　満月が地球の影に入って暗くなる皆既月食が4日夜、全国で起き、天候に恵まれた北海道や東北などで観察会が開かれた。日本では昨年10月8日以来、約半年ぶり。月の一部が欠けて見える部分月食が午後7時15分から始まり、同8時54分から12分間、皆既月食となった。その後、再び部分月食となり、同10時45分に終わった。　",
133,"04/07/2015 08:00:15","04/07/2015 08:00:15",勤務と過労死、長期間追跡へ　厚労省骨子案,http://headlines.yahoo.co.jp/hl?a=20150407-00000067-san-soci,san,20150407,2,8,," 　過労死を防ぐための対策を協議する厚生労働省の「過労死等防止対策推進協議会」が６日開かれ、労働者の勤務状況と、その後の過労死や病気の関係について長期的な追跡調査をすることなどを盛り込んだ過労死防止対策大綱の骨子案が示された。今後、協議会の議論を踏まえ、６月にも具体的な対策を取りまとめる方針。
 
 　骨子案では、過労死や過労自殺をゼロにすることを目指すとしたうえで、週に６０時間以上働く労働者の割合を平成３２年までに５％以下（２５年は８・８％）とする目標を提示。３２年までに年次有給休暇の取得率を７０％以上（同４８・８％）に、２９年までにメンタルヘルス対策に取り組む事業所の割合を８０％以上（同６０・７％）とするなどの数値目標を掲げた。
 
 　また、公務員や自営業者を含めて、過労死の発生状況や要因などの調査研究を進めるとともに、啓発や相談体制の整備を進めるとしている。
 
 　骨子案に対し、協議会の委員で、過労死で親族を失った遺族からは「遺族が過労死の立証を求められる現状を改善してほしい」「調査研究には、遺族もメンバーとして入れるべきだ」などといった意見が出された。
 
 　昨年１１月に施行された過労死等防止対策推進法では、国に対策を進めるための大綱づくりを義務付けている。協議会は同法施行を受けて発足。過労死に詳しい弁護士や遺族らで構成される。",
134,"04/07/2015 08:00:18","04/07/2015 08:00:18",＜佐賀大病院＞ロボット活用するリハビリ外来を開設　ＨＡＬなど６台稼働,http://headlines.yahoo.co.jp/hl?a=20150406-00000000-maiall-soci,maiall,20150406,2,8,," 　佐賀大学医学部付属病院（佐賀市）は２０１４年１０月、ロボットを活用したリハビリテーション外来を開設した。４月以降はトヨタ自動車が開発した最新の歩行機能回復ロボットも稼働させる予定だ。同病院やロボットメーカーの取り組みを紹介する。【太田圭介】

【写真特集】佐賀大病院のロボットリハビリ外来

　◇手の機能回復で復職も
 
 　佐賀大病院のロボットリハビリ外来には現在、上半身用２台と下半身用４台の計６台のロボットがあり、さらに２台が今年前半中に稼働する。浅見豊子・リハビリテーション科診療教授は「これだけ大規模なロボットリハビリ外来は国内でも例がない」と胸を張る。
 
 　リハビリを受ける元佐賀市役所職員の野中幸一さん（７１）＝佐賀市＝は０８年１０月、脳梗塞（こうそく）を発症した。「職場の健康診断でも異常が見つかったことはなかった。まさに青天のへきれきだった」と、野中さんは当時を振り返る。
 
 　１４年１２月から同病院で、まひした左腕のリハビリをしている。腕の動きを補助するロボットを装着して、理学療法士の介助を受けながら高さ１０センチ前後の木製の円柱を縦４列横５列の計２０本並べ、一つずつつかんでは手元に移動させる。手がまひした人にはかなり負荷がかかる分だけリハビリ効果も期待できるという。
 
 　北島昌輝・理学療法士は「患部にボツリヌス菌の毒素を注射する『ボトックス療法』との併用で、手足が固まって動かなくなる痙縮（けいしゅく）がかなり改善した」と、リハビリの手応えを口にする。「手が動けば、復職にも有利」（北島さん）なだけに、ロボットの効用は大きい。野中さんも「やってみてよかった」と話す。
 
 　◇患者の心理面でも効果大
 
 　同病院では、下半身用ロボットも充実している。脊髄梗塞（せきずいこうそく）の後遺症で下半身がまひした元会社員の山崎勝利さん（６７）＝佐賀市＝は、今年１月から歩行を支援するロボットを使ったリハビリに取り組む。両足に装着したロボットが足に貼った電極から「足を動かす」という電気信号を受けると、患者の足の動きを支援する。この状態で平行棒や歩行器につかまり、数メートル歩くなどの訓練を続ける。
 
 　リハビリを始めて６週目。足の状態にまだまだ大きな変化はないが、山崎さんは「リハビリが終わると気分爽快。将来は歩けるのではないかとの気持ちが芽生えてきた」と笑顔を見せる。
 
 　ロボットリハビリを導入した理由について浅見教授は「正確にかつ繰り返しリハビリ運動ができるので効果が大きい。装具で体を支えているので、リハビリ時に転倒するなどの事故も防ぎやすい」と説明する。理学療法士の体力的負担も軽減できるようだ。
 
 　◇ロボットの小型化、費用負担の軽減が課題
 
 　同病院に導入されている下半身用ロボット「ＨＡＬ」は筑波大大学院の山海嘉之教授が社長を務める大学発ベンチャー企業のサイバーダイン（茨城県つくば市）が開発した。ＨＡＬは１４年１２月末現在、国内の福祉施設や病院等１５９施設で３６３台が稼働するなど、普及が進んでいる。
 
 　山海社長はＨＡＬを開発した理由について「若い頃から加齢に伴い低下する身体・脳神経系の機能を改善する技術を開発したかったから」と話す。「従来の概念を超えた、ヒトとロボットなどとの融合システムを開発する必要があった」（山海社長）点などが特に苦労したという。
 
 　今後は、機器の小型化や利用しやすさを向上させることなどが課題となる。ロボットの利用料は健康保険対象外なので、利用者の経済的負担は重い。サイバー社子会社で、ＨＡＬを導入した湘南ロボケアセンターがある神奈川県藤沢市では市民を対象に、利用料（１回６０分で１万４５８０円）のうち１０回分までの全額を助成している。４月以降は１１〜２０回目も１回当たり３５００円を助成する。サイバー社は「藤沢市のような自治体レベルでの助成制度の拡大を期待する」としている。
 
 　サイバー社は３月２５日、ロボットスーツを医療機器として製造・販売するための申請を厚生労働省に行っている。審査は約１年かかる見通しだが、承認されれば健康保険の適用に向けた手続きも進めていく考えだ。",
135,"04/07/2015 08:00:20","04/07/2015 08:00:20",＜京大病院＞手術室でＣＴ撮影ＯＫ…国産の移動型を初導入,http://headlines.yahoo.co.jp/hl?a=20150406-00000091-mai-soci,mai,20150406,2,8,," 　京都大病院（京都市左京区）は６日、移動させて手術部位を撮影できるＣＴ（コンピューター断層撮影装置）を導入したと発表した。開発したのはモリタ製作所（本社・京都市伏見区）で、国産システムの導入は国内の医療機関で初めて。手術中に断面像を撮影することで、高度な治療をより安全にできるようになるとしている。
 
 　ＣＴは一般的に重さが２トン程度あり、撮影には患者が検査室に行く必要がある。京大病院によると、外国製の移動型ＣＴはあったが、重い上に画質が悪かった。このため、手術室で使える簡便な機器の開発が期待されていた。
 
 　今回導入したＣＴは高さ約１６７センチ、幅８４センチ、重さ４００キロ。車輪付きで１人でも運べる。炭素繊維強化プラスチックを使い、軽量化と画質の精度向上に成功したという。京大病院の坂本達則助教は「手術中に撮影できるので細部までより正確な手術ができ、患者の負担軽減につながる」と話している。【野口由紀】",
136,"04/07/2015 08:00:20","04/07/2015 08:00:20",全国4例目の特定感染症病床、新病院に整備－常滑市民病院、「未知の病気まん延防ぐ」,http://headlines.yahoo.co.jp/hl?a=20150406-00000001-cbn-soci,cbn,20150406,2,8,," 　危険度が高いと考えられる新感染症や新型インフルエンザなどに対応可能な特定感染症病床を整備した常滑市民病院(愛知県常滑市)の新病院が来月1日に開院する。特定感染症病床の整備は全国で4例目。国際線が乗り入れている中部国際空港に近い同病院は「未知の病気のまん延を未然に防ぐ」としている。【新井哉】
 
 　同病院によると、新病院は7階建てで、1階の救急部門から南に伸びるホスピタルストリート沿いに中央処置や手術室へのエレベーター、放射線部門を配置し、救急部門から各室への迅速な院内搬送が可能となっている。
 
 　3階の特定感染症病床を配置したエリアには、二次感染を防ぐ感染症患者搬送用カプセル「トランジットアイソレーター」で専用の出入口から搬送。「一般患者エリアと完全に区分する」(同病院)という。また、3階には手術室や血管造影を行うアンギオ室、重症者の術後管理を行うHCU(ハイケアユニット)などを配置している。
 
 　特定感染症病床の整備をめぐっては、県が国に対し、中部国際空港の近くに特定感染症指定医療機関を整備することを要望してきたほか、新病院の基本構想策定委員会でも整備による効果や運用上の課題などを検討していた。",
137,"04/08/2015 06:57:24","04/08/2015 06:57:24",メルセデスのピックアップトラック、ダイムラー・日産共同開発へ,http://headlines.yahoo.co.jp/hl?a=20150408-00000007-reut-bus_all,reut,20150408,3,15,," ［フランクフルト　７日　ロイター］ - 独自動車大手ダイムラー＜DAIGn.DE＞は７日、日産自動車＜7201.T＞との戦略的提携を拡大し、傘下の高級車ブランド「メルセデス・ベンツ」の中型ピックアップトラックを共同開発すると発表した。
 
 両社が発表した共同声明によると、メルセデスの新型ピックアップトラックは、日産の新型ピックアップトラック「ＮＰ３００ナバラ」の基本構造を活用して製造。欧州、中南米、オーストラリア、南アフリカで販売する。
 
 組み立てはアルゼンチンにある日産のコルドバ工場で行う。 
 
 ダイムラーのツェッチェ最高経営責任者（ＣＥＯ）は「急速に拡大している中型ピックアップトラック市場への参入は、われわれの世界における成長軌道を維持していくうえで重要な一歩となる」とし、ルノー・日産アライアンスとの戦略的提携によって、同市場への参入に必要な時間やコストが大幅に圧縮されると語った。
 
 ダイムラーとルノー日産アライアンスは２０１０年、小型車の共同開発やエンジンの共用、工場での協業などを柱とする戦略的提携を発表。その後も提携関係を強化している。",
138,"04/08/2015 06:57:26","04/08/2015 06:57:26",日産自、メキシコでルノー向けトラック製造へ,http://headlines.yahoo.co.jp/hl?a=20150408-00000020-reut-bus_all,reut,20150408,3,15,," ［メキシコ市　７日　ロイター］ - 日産自動車＜7201.T＞はメキシコで仏ルノー＜RENA.PA＞向けの１トン・ピックアップトラックの製造を２０１６年に開始することと発表した。
 
 トラックを製造するのはメキシコ中部のクエルナバカにある工場。日産によると、ルノーとしては初めての１トン・ピックアップトラックとなる。
 
 ただ、日産のメキシコ現地法人の広報担当者は投資総額などの詳細について、現時点で発表できる情報はないとしている。    
 
 日産はこの日、独ダイムラー＜DAIGn.DE＞と提携を強化し、ダイムラー傘下の高級車ブランド「メルセデス・ベンツ」の中型ピックアップトラックを共同開発すると発表している。",
139,"04/08/2015 06:57:28","04/08/2015 06:57:28",アウディ、高級４ドアクーペ３車種を一部改良,http://headlines.yahoo.co.jp/hl?a=20150407-00050120-yom-bus_all,yom,20150407,3,15,," 　独アウディの日本法人は７日、高級４ドアクーペの「Ａ７」、「Ｓ７」、「ＲＳ７」の計３車種を一部改良すると発表した。
 
 　いずれもハッチバックモデル「スポーツバック」で、２１日から発売する（一部は８月発売）。価格は消費税込みで７１６万円〜１７７２万円。
 
 　Ａ７では新たに排気量２・０リットルを追加し、Ａ７としては初めて８００万円以下の価格帯にする。
 
 　３車種とも、ヘッドライトに発光ダイオード（ＬＥＤ）を使って対向車のドライバーがまぶしくないようにしたり、車内でのインターネットの使用環境を向上させたりした。",
140,"04/08/2015 06:57:31","04/08/2015 06:57:31",トヨタ「オーリス」刷新の目玉はエンジン　いよいよ日本も新「ターボ時代」が到来？,http://headlines.yahoo.co.jp/hl?a=20150407-00000006-jct-bus_all,jct,20150407,3,15,,"[PAGE-1] 　トヨタ自動車が小型車の「オーリス」をマイナーチェンジして、国内と欧州で発売する。
 
 　その特徴は新たに開発した、トヨタ初の1.2リットル直噴ターボエンジン。新型「オーリス」は、トヨタが得意とするハイブリッドカーではない。ガソリンで走る、低燃費と加速性能を両立した「ダウンサイジング・ターボエンジン」を搭載しているのだ。
 
 ■世界トップレベルの高熱効率の過給エンジン
 
 　トヨタ自動車は、高いエンジン熱効率と力強い加速をもたらす動力性能を両立した1.2リットル直噴ターボエンジン「8NR‐FTS」を新たに開発した、と2015年4月6日に発表した。ハイブリッド専用エンジンと従来型エンジンの開発で培った技術に、過給技術を追加することで、「世界トップレベルの高熱効率の過給エンジンを実現した」と自負する。
 
 　このエンジンを搭載したのが、マイナーチェンジした「オーリス」。国内は同日発売。欧州では6月ごろに発売する予定だ。
 
 　トヨタが国内でターボエンジンを搭載したクルマを発売するのは、2007年の「カルディナ」以来、8年ぶり。同社は、「当時のターボエンジンはパワーを追求したものでしたが、今回のターボはパワーに加えて低燃費を実現しました。（かつてのターボとは）まったく違うものです」と説明する。
 
 　オーリスに搭載した新型ターボエンジンは、排気ガス温度を最適化する水冷シリンダーヘッド一体型排気システムと、シングルターボを組み合わせて優れた過給効率を実現。コンパクトな水冷式インタークーラーの採用で、運転状況に応じた吸気冷却効果を発揮する。これにより1500〜4000回転の幅広い回転域で最大トルクを発揮できること、またアクセル操作に対する瞬時のレスポンスや、なめらかで爽快な走りを実現。排気量が1.2リットルでも、1.8リットル車並みの走りが可能という。
 
 　走行燃費はガソリン1リットルあたり19.4キロメートル（JC08モード）。衝突を回避する自動ブレーキなど複数の安全技術も装備できるようにした。
 
 　オーリスの販売価格は178万9855〜259万37円。2015年の販売目標は、国内で月間1000台。欧州では14年実績と比べて3％増となる14万4000台を目指す（ターボがつかないタイプを含む）。[PAGE-2] 　日本で「ターボ」というと、ひと昔前の「燃費が悪い」イメージがあるが、ここ数年の世界的な流れは、独フォルクスワーゲン（VW）やBMWなどの欧州車で主流になっている「ダウンサイジング・ターボエンジン」にある。
 
 　小さい排気量なのに馬力があって、しかも低燃費。価格面でもハイブリッドカー（HV）や電気自動車（EV）より抑えられると人気で、HVに力を入れてきたトヨタをはじめ、日本勢は大きく出遅れていた。
 
 　トヨタは欧州向けに「ダウンサイジング・ターボエンジン」の新型オーリスを投入することで、VW など欧州車を「追撃」する狙いがあるとみられる。
 
 　「カルディナ」以来となるターボエンジンについて、トヨタは「これまで優先順位を付けて取り組んできただけで、（この8年間、ターボエンジンについて）なにもやってこなかったわけではありません」と話している。
 
 　一方、トヨタ以外の日本勢も2014年には日産自動車がスポーツ用多目的車（SUV）の「ジューク」や高級スポーツセダン「スカイライン」にターボエンジンを搭載。富士重工業（スバル）も新型1.6リットル・スポーツワゴン「レヴォーグ」に搭載、発売した。いずれも以前のものと比べると「低燃費」になっている。ホンダもターボエンジン搭載車を開発中だ。
 
 　今後のターボエンジン搭載車について、トヨタは「具合的なことはお話しできません。当社としては、お客様にとって最適なエコカーを選んでいただける選択肢を提供していきます」とだけ答えた。
 
 　日本勢もようやく「本腰」を入れはじめたようだ。",
141,"04/08/2015 06:57:35","04/08/2015 06:57:35",上級クーペ「A7」を大幅改良＝アウディ,http://headlines.yahoo.co.jp/hl?a=20150407-00000102-jij-bus_all,jij,20150407,3,15,," 　アウディジャパン（東京）は7日、4ドアの上級クーペ「A7スポーツバック」（排気量3000cc）を4年ぶりに大幅改良し、21日に発売すると発表した。乗車定員は4人から5人に変更。ヘッドライトの強さを自動的に調節する最新機能を備えた。
 　8月には、排気量2000ccのターボ付きエンジン搭載車を追加し、高級車市場で攻勢を掛ける。価格は、排気量3000ccが924万円、2000ccが716万円。
 　スポーツ仕様の派生車「S7スポーツバック」「RS7スポーツバック」はいずれも4人乗りで、価格はそれぞれ1344万円と1772万円。合計で年間1000台の販売を目指す。　",
142,"04/13/2015 07:12:17","04/13/2015 07:12:17",【統一地方選】Ｊ１広島前社長小谷野氏、開票数秒で落選「私の力不足」,http://headlines.yahoo.co.jp/hl?a=20150413-00000003-sph-soci,sph,20150413,2,-5,," 　　第１８回統一地方選は１２日、１０道県知事選や５政令市長選などの前半戦が投開票され、サッカーＪ１・サンフレッチェ広島の小谷野薫前社長（５２）が立候補し注目された広島市長選は、自民、民主、公明が推薦する現職の松井一実氏（６２）＝無所属＝が再選を果たし小谷野氏は落選した。Ｊリーグクラブの社長職を辞して臨んだ異例の挑戦だったが、広島市内で「私の力不足です」と肩を落とした。知事選は、現職１０人が全員当選した。
 
 　あっけない敗北だった。広島市内の選挙事務所で、支援者たちと開票速報を見守った小谷野氏だが、午後８時の開票から数秒で松井氏が当選確実になったとのテロップを目にすると、表情を変えないままテレビ画面を見つめた。
 
 　今年１月中旬、市長選に立候補する意向を表明した小谷野氏は「スポーツによる街の活性化などを訴えていきたい」と、旧広島市民球場跡地（広島市中区）に多目的スタジアムを建設し、町づくりを推進する構想を披露した。現職の松井氏は１３年１２月、ＪＩの優勝争いを展開していた広島について「２位でいてくれた方がスタジアム問題で（議論する）時間的な余裕が生まれる」という趣旨の発言をして波紋を呼んだ。その松井氏と当時の球団社長が争う形となり、サッカー・ファンの注目を集めていた。
 
 　今回の選挙はサポーターの思いを代弁する側面を持つ戦いでもあったが、自民、公明、民主が推薦に回った松井氏を上回る支持を集めることはできず。「一般の方々にアピールできなかった。私の力不足。このような結果になって本当に申し訳ない」と深々と頭を下げた。
 
 　小谷野氏は２０１３年１月に広島の社長に就任。ゆるキャラのようなその風貌から、自身をモデルとしたクラブの新キャラクター「こやのん」が誕生し、グッズも製作されるほど。サポーターからの人気も高く、同年にＪ１で連覇を達成したチームを支える存在でもあった。
 
 　新スタジアム構想については「私はサンフレを離れてしまったけれど、いろいろな形で建設運動は支援していきたい」と宣言。今後に関しては「広島は好きな街。ただ、今の段階ではまったくの白紙」と言及は避けたが、帰り際、タクシーに乗り込む小谷野氏には、支援者たちから「こや〜のかおる！」とスタジアムばりの温かいコールが送られた。",
143,"04/15/2015 08:23:45","04/15/2015 08:23:45","4/15 経済：ECB定例理事会,中国3月小売売上高",http://headlines.yahoo.co.jp/hl?a=20150415-00000001-zuuonline-bus_all,zuuonline,20150415,3,36,," 【国内】
 
 2月鉱工業生産確報値(13:30)
 黒田日銀総裁が信託大会で挨拶
 
 【海外】
 
 台湾の最大野党・民進党は16年初の総統選挙に出馬する公認候補を決定
 韓国3月失業率(8:00)
 豪4月ウエストパック消費者信頼感(9:30)
 中国3月小売売上高、鉱工業生産、都市部固定資産投資、中国1-3月期GDP(11:00)
 独3月消費者物価確報値(15:00)
 インド3月卸売物価指数(15:30)
 仏3月消費者物価(15:45)
 トルコ1月失業率(16:00)
 ユーロ圏2月貿易収支(18:00)
 南ア2月小売売上高(20:00)
 ECB定例理事会(金利発表20:45、ドラギ総裁会見21:30)
 米4月NY連銀製造業景気指数(21:30)
 米3月鉱工業生産・設備稼働率(22:15)
 カナダ中銀翌日物貸出金利発表(23:00)
 ベージュブック
 
 【国内・決算】
 
 日置電 &lt;6866&gt; 、ピックルス &lt;2925&gt; 、トーヨーアサノ &lt;5271&gt; 、マツヤ &lt;7452&gt; 、ベスト電 &lt;8175&gt; 
 【海外・決算】
 
 Ｕ・Ｓ・バンコープ、バンク・オブ・アメリカ、ネットフリックス、サンディスク
 
 （ZUU online編集部）",
144,"04/15/2015 08:23:45","04/15/2015 08:23:45",中国の土地にはリスク！　だから日本で買いあさる＝中国メディア,http://headlines.yahoo.co.jp/hl?a=20150415-00000018-scn-bus_all,scn,20150415,3,36,," 　中国メディアの搜房網は１１日、中国の富裕層が増えるにつれ、日本で不動産を購入する中国人が増えていると伝え、中国国内にも不動産バブルの崩壊のリスクを抱える小さい都市はあると主張する記事を掲載した。
 
 　記事は、円安や日本国内の環境、不動産そのものの質の高さを理由に、中国人富裕層が日本で不動産を購入するケースが増えていることを紹介し、なかには中国人を専門にサービスを提供する税理士事務所も現れたと紹介した。
 
 　さらに、日本在住の中国人女性が「最近は中国人が日本で土地や家を購入したという情報を良く耳にする」と発言したことを紹介し、日本では土地と住宅がまとめて販売されるケースが多く、売却さえしなければ土地の所有権を孫にだって相続できると紹介。
 
 　また、中国では住宅を購入したとしても、それは７０年間の「使用権」を購入するだけであるため、日本では所有権に期限がない点が中国と違って魅力的との見方を示した。
 
 　続けて記事は、中国人が日本で不動産を投資のために購入し、日本は中国人の金で経済回復につながることを、喜んでいることは「果たして双方にとって利益のあることなのだろうか」と疑問を投げかけつつ、果たして中国の不動産はもう値上がりしないのだろうかと疑問を呈した。
 
 　さらに、中国では不動産バブル崩壊を恐れ、投資家が中国国内の不動産に手を出すことを恐れていると伝える一方、浙江省紹興市や福建省アモイ市、浙江省嘉興市などは「不動産市場の崩壊の恐れの小さい安全な都市と言える」と論じた。（編集担当：村山健二）（イメージ写真提供：１２３ＲＦ）",
145,"04/15/2015 08:23:47","04/15/2015 08:23:47",「日本式サービスの起源は中国」・・・日本人の考察を「神妙」に紹介する中国メディア,http://headlines.yahoo.co.jp/hl?a=20150415-00000013-scn-bus_all,scn,20150415,3,36,," 　中国の小売・サービス業関係のニュースサイト「聯商網」はこのほど、大丸松坂屋百貨店執行役員の吉川辰司氏が講演で、「日本式サービスの起源は中国にある」と述べたと紹介した。中国では「日本にある物や文化は中国から伝わった」との主張が目立つようになった。
 
 　ただし、「起源はわが国」と強弁して自己満足にひたるのではなく、日本が中国から学んだ成果を忘れず、場合によっては大きく発展させたことを評価し、さらに自らの反省材料にすることが多い。
 
 　吉川氏は、浙江省杭州市で開催された小売業者の大会で講演を行った。聯商網によると、吉川氏はまず中国人の高級品購入について、海外での購入の割合が増加し、自国内での購入の割合は減少していると指摘。
 
 　原因としてまず（中国国内で購入すると割高となる）価格問題、訪問先国の査証発給の緩和などを挙げた上で、これらは小売業者が直接関与できないと指摘。逆に、小売業者が自ら積極的に取り組める分野として品揃えやサービスを挙げた。
 
 　記事が最も注目したのは「サービス」についての説明で、特に「日本式サービスは実際には中国の荀子の理念にもとづく」との言葉に注目。吉川氏は日本人の考え方として「企業は、お客様による、さらに（企業が）社会貢献で得ることのできた信用により利益を獲得している」、「顧客至上主義は日本式サービスの信念」と続けたという。
 
 　具体例としては「店内のすべての従業員が笑顔でお客様にご挨拶をする。お客様が商品を買わないからといって、態度を急に変えるようではいけません」と説明したという。
 
 　吉川氏は、「顧客の評価」の重要性を強調。評価されれば次の来店につながり、口コミで新たな顧客を獲得することになる。店にファンがつけば、利益は拡大し、利益が拡大すれば従業員の報酬も向上し、企業としても長期にわたる安定した利益が保証されることになると論じたという。
 
 ＊＊＊＊＊＊＊＊＊＊
 
 ◆解説◆
 　記事は「荀子」と「日本式サービス」の関係については、「君は船なり、庶人は水なり、水はすなわち舟を載せ、水はすなわち舟を覆す」、「千人萬人の情は、一人の情是なり」などの言葉が考えられる。
 
 　前者は統治者の心構えを説いたものだが、現代では企業管理や企業と顧客の関係を考える上でも有益との指摘がある。後者は、「多くの人の心をとらえるには、まず１人ひとりの心をとらえねばならない」との内容で、「すべての顧客を大切にせねばならない」との考え方に結びつく。（編集担当：如月隼人）（イメージ写真提供：（Ｃ）　ａｉｍｙ２７ｅｂ　／１２３ＲＦ．ＣＯＭ）",
146,"04/15/2015 08:26:41","04/15/2015 08:26:41",ロシア、イランへのミサイル禁輸を解除,http://headlines.yahoo.co.jp/hl?a=20150414-00050037-yom-int,yom,20150414,4,6,," 　【モスクワ＝田村雄、ワシントン＝井上陽子】ロシアのプーチン大統領は１３日、イランに対する地対空ミサイルＳ３００の輸出凍結を解除する大統領令に署名した。
 
 　インターファクス通信によると、ペスコフ大統領報道官は同日、「大統領令には、いかなる延長（の言及）もない」と述べ、近く輸出のための準備が整うとの見通しを示した。
 
 　米国やロシアなど国連安全保障理事会にドイツを加えた６か国とイランは今月２日、イランの核問題の最終解決に向けた枠組みに合意したが、米国や欧州諸国は、金融制裁やイラン産原油の禁輸措置を継続している。プーチン政権は単独で禁輸解除に踏み切ることで、欧米と一線を画した格好だ。
 
 　これについて、米国のケリー国務長官は１３日、ロシアのラブロフ外相と電話会談し、輸出凍結解除への懸念を伝えた。国務省のハーフ報道官代行が、１３日の記者会見で明らかにした。",
147,"04/15/2015 08:26:42","04/15/2015 08:26:42",＜マララさん＞解放へ努力不足と批判　ボコ・ハラム誘拐１年,http://headlines.yahoo.co.jp/hl?a=20150414-00000015-mai-int,mai,20150414,4,6,," 　◇ナイジェリアの女子生徒ら２００人以上
 
 　【ロンドン小倉孝保】西アフリカ・ナイジェリアで女子生徒２００人以上がイスラム過激派ボコ・ハラムに誘拐されて１４日で１年になるのを前に、昨年ノーベル平和賞を受けたマララ・ユスフザイさん（１７）が、誘拐されたままの女子生徒に宛てた公開書簡を発表し「少女たちを解放する努力が十分でない」とナイジェリア指導部と国際社会を批判した。

【地域ごと火攻め】狂暴化するボコ・ハラム

　マララさんは書簡で「ナイジェリアの指導者たちと国際社会は、少女たちの解放のためにもっとできることがある。あなたたちの解放が確実になるまで、私は多くの人々と一緒に圧力をかけ続けていく」と誓った。
 
 　また、マララさんは「あなたたちが耐えている恐怖は、私たちには想像できないほどのものでしょう。ただ、これだけは知ってほしい。私たちは決して、あなたたちを忘れないことを」と述べ、さらに「一緒にハグ（抱擁）し、祈り、自由を祝える日が来ることを楽しみにしている」と呼びかけた。
 
 　マララさんはパキスタンで女性や子供に教育機会を与える必要性を訴え２０１２年１０月、イスラム武装勢力タリバンに襲撃された。英国で治療を受け、現在は家族と共に同国バーミンガムで暮らしている。",
148,"04/15/2015 08:26:42","04/15/2015 08:26:42",＜イエメン＞国連安保理が「フーシ」への武器禁輸決議採択,http://headlines.yahoo.co.jp/hl?a=20150414-00000118-mai-int,mai,20150414,4,6,," 　◇ＧＣＣ主導案で１４カ国賛成、ロシアは棄権
 
 　【ニューヨーク草野和彦】サウジアラビア主導の連合軍によるイスラム教シーア派武装組織フーシへの空爆が続くイエメン情勢を巡り、国連安全保障理事会（１５カ国）は１４日、フーシとサレハ前大統領派を武器禁輸の対象とする決議案を採択した。賛成１４カ国で、ロシアが棄権した。
 
 　決議案は、ハディ大統領を支援する湾岸協力会議（ＧＣＣ）が主導。フーシ指導者のアブドルマリク・フーシ氏と前大統領の長男に資産凍結と渡航禁止の制裁を科し、既に制裁対象のフーシ派幹部２人と前大統領を含めた計５人、その指示を受けて行動する者たちへの武器禁輸を加盟国に義務付けた。また、フーシに支配地域からの撤退を要求し、イエメン国内の全勢力に国連主導の政治対話の再開と加速を求めた。
 
 　ロシアは、イエメン全勢力対象の武器禁輸を主張していた。",
149,"04/15/2015 08:26:44","04/15/2015 08:26:44",ブラックウオーター元警備員に終身刑、07年のイラク市民殺害で,http://headlines.yahoo.co.jp/hl?a=20150414-00000009-jij_afp-int,jij_afp,20150414,4,6,," 【AFP＝時事】2007年にイラクの首都バグダッド（Baghdad）で米民間軍事会社「ブラックウオーター（Blackwater）」の警備員が市民に向け銃を乱射し、少なくとも14人が死亡した事件で、米首都ワシントン（Washington D.C.）の連邦地裁は13日、元警備員の被告4人のうち1人に終身刑、3人に禁錮30年を言い渡した。

【写真2枚】銃撃が起きる直前の市内

　ワシントンの連邦地裁で2か月にわたって行われた公判では、市民でにぎわうバグダッドの広場で被告らが市民に向けて狙撃銃や機関銃、グレネードランチャーを乱射した行為が争点となった。陪審は昨年10月、被告らを第1級殺人や故殺などで有罪とする評決を出していた。【翻訳編集】 AFPBB News",
150,"04/15/2015 08:26:45","04/15/2015 08:26:45",イエメン唯一のガス輸出港、南部勢力が占拠,http://headlines.yahoo.co.jp/hl?a=20150414-00000043-jij_afp-int,jij_afp,20150414,4,6,," 【AFP＝時事】事実上の内戦状態にある中東イエメンで14日、同国唯一のガス輸出ターミナルが、武装した部族勢力に占拠された。イエメン軍によれば、ターミナル防衛の任務に当たっていた軍部隊が明け渡したという。

イエメンのアデン、戦闘で1400人以上が死傷 先月26日以降

　情報源によれば、部族勢力は、シャブワ（Shabwa）州南部でアデン湾（Gulf of Aden）に面するバルハフ（Balhaf）港の警備を自力で行うことを決定したと主張している。同港はイエメンの液化天然ガス（LNG）を担うイエメンLNG（Yemen LNG）が操業しており、仏石油大手トタル（Total）が株式の約40％を所有している。イエメンLNGは14日、「不可抗力」によりターミナルでの操業を停止したと発表した。
 
 　サウジアラビアへ脱出したとの報道もあるアブドラボ・マンスール・ハディ（Abd-Rabbo Mansur Hadi）暫定大統領に忠実な軍部隊を追い落とそうと、イエメン北部から進撃しているイスラム教シーア派（Shiite）系武装組織「フーシ派（Huthis）」に対し、イエメン南部の部族たちは武器を取って立ち上がっている。
 
 　一方、フーシ派に対するサウジアラビア主導の空爆は3週間目に入った。シャブワ州では、南部勢力の戦闘員とフーシ派の間で激しい衝突が起きている。【翻訳編集】 AFPBB News",
151,"04/15/2015 08:26:47","04/15/2015 08:26:47","シリア反体制派、アレッポの軍基地に攻勢 大規模爆破も",http://headlines.yahoo.co.jp/hl?a=20150414-00000002-jij_afp-int,jij_afp,20150414,4,6,," 【AFP＝時事】国際テロ組織アルカイダ（Al-Qaeda）系組織「アルヌスラ戦線（Al-Nusra Front）」が率いるシリア反体制勢力は13日夜、北部アレッポ（Aleppo）にある政府軍の情報基地に対する激しい攻勢を開始した。

【写真3枚】政府軍の空爆で破壊されたとみられる建物

　アルヌスラ戦線は他のイスラム過激派と共に、アレッポ西部にある空軍情報本部に近いトンネルで大規模な爆発を起こした。
 
 　英国に拠点を置くシリア人権監視団（Syrian Observatory for Human Rights）のラミ・アブドル・ラフマン（Rami Abdel Rahman）代表によると、「大規模な爆発」に続き、反体制勢力が同情報本部を襲撃し、「激しい戦闘」になったという。
 
 　ラフマン氏によると、政府軍は今のところ過激派が本部内へ侵入するのを阻止しているが、戦闘は続いている。シリアのある治安当局者はAFPに対し、同基地付近のトンネルで爆発があったことは認めたが、政府軍が「襲撃を阻止し、今は完全に静かになっている」と話した。
 
 　アレッポ内で政府軍の支配下にある地区の住民は、まず「大きな爆発音」を聞いた後に、銃声が続いたと語った。今のところ、死傷者は報告されていない。ラフマン氏によると、爆発の後、過激派が政府軍に迫撃砲で攻撃。これに政府支持派が報復し、政府軍も戦闘機で過激派の複数の拠点を空爆した。
 
 　アルヌスラ戦線などの反体制派グループはおよそ1か月前にも、同様の戦術を用いて同じ情報本部を襲撃、数十人が死亡した。その時も、まずトンネルで爆発を起こし、その後に軍基地を攻撃していた。政府軍が支配する地区に向けて堀ったトンネルの先端を爆破する戦略は、特にアレッポでは反体制派の常套手段となっている。
 
 　アレッポでは前日の12日、学校が政府軍の空爆を受け、子ども5人が死亡。シリア人権監視団によると、同市の反体制派教育当局はこれを受け、今週末まで市内の反体制派掌握地域の学校を閉鎖することを決めた。【翻訳編集】 AFPBB News",
152,"04/15/2015 08:26:52","04/15/2015 08:26:52",内戦開始から40年、グリーンラインを自転車で横断　レバノン,http://headlines.yahoo.co.jp/hl?a=20150414-00010001-afpbbnewsv-int,afpbbnewsv,20150414,4,6,," 【4月14日 AFP】レバノンのベイルート（Beirut）で13日、1975年に始まった内戦から40年の節目を記念するイベントが行われ、集まった人々は内戦時に築かれた分離帯、グリーンライン（Green Line）を自転車で横断した。この内戦では90年の終結までに15万人が犠牲となった。(c)AFPBB News",
153,"04/15/2015 08:26:53","04/15/2015 08:26:53",15日にイランと技術協議＝IAEA,http://headlines.yahoo.co.jp/hl?a=20150413-00000145-jij-int,jij,20150413,4,6,," 　【ウィーンAFP＝時事】国際原子力機関（IAEA）は13日、声明を出し、IAEAの代表団が15日にテヘランで、イラン側と核問題について「技術的な協議」を行うと発表した。欧米など6カ国とイランによる核協議での「枠組み合意」後、IAEAとイランの初の話し合いとなる。　",
